fpr,tpr,threshold
0.0,0.0,inf
0.0003333333333333333,0.0,0.9988386
0.0006666666666666666,0.0,0.9987667
0.0006666666666666666,0.0006666666666666666,0.9984918
0.001,0.0006666666666666666,0.99837035
0.001,0.001,0.9981533
0.002,0.001,0.9979105
0.002,0.0013333333333333333,0.99790734
0.0023333333333333335,0.0013333333333333333,0.99786067
0.0023333333333333335,0.002,0.99782
0.0026666666666666666,0.002,0.997725
0.0026666666666666666,0.0026666666666666666,0.9976094
0.004,0.0026666666666666666,0.997544
0.004,0.003,0.9975393
0.004666666666666667,0.003,0.99696076
0.006,0.003,0.9967022
0.006666666666666667,0.003,0.99625486
0.006666666666666667,0.0036666666666666666,0.9962303
0.008,0.0036666666666666666,0.99587506
0.008,0.004333333333333333,0.99579656
0.008,0.004666666666666667,0.99562854
0.010666666666666666,0.004666666666666667,0.9955368
0.010666666666666666,0.005,0.99548674
0.011,0.005,0.99530816
0.011,0.006,0.9947388
0.012333333333333333,0.006,0.9944747
0.012333333333333333,0.006666666666666667,0.99426085
0.012666666666666666,0.006666666666666667,0.99419516
0.012666666666666666,0.008666666666666666,0.99289167
0.013666666666666667,0.008666666666666666,0.9928309
0.013666666666666667,0.009,0.99243593
0.014,0.009,0.99240726
0.014,0.009333333333333334,0.99220186
0.014666666666666666,0.009333333333333334,0.9921703
0.014666666666666666,0.009666666666666667,0.9921322
0.016,0.009666666666666667,0.9921021
0.016,0.010333333333333333,0.9920553
0.01633333333333333,0.010333333333333333,0.9919954
0.01633333333333333,0.010666666666666666,0.9919871
0.017333333333333333,0.010666666666666666,0.99161154
0.017333333333333333,0.011,0.99142295
0.017666666666666667,0.011,0.99112463
0.017666666666666667,0.011333333333333334,0.9908986
0.018333333333333333,0.011333333333333334,0.99024725
0.018333333333333333,0.011666666666666667,0.9901365
0.019,0.011666666666666667,0.98979664
0.019,0.012333333333333333,0.9894952
0.019666666666666666,0.012333333333333333,0.9894598
0.02,0.012333333333333333,0.9890036
0.02,0.012666666666666666,0.98788494
0.02033333333333333,0.012666666666666666,0.9875899
0.021666666666666667,0.012666666666666666,0.9850831
0.022,0.012666666666666666,0.9845796
0.022,0.013333333333333334,0.9841168
0.023333333333333334,0.013333333333333334,0.98357403
0.023333333333333334,0.014,0.98326683
0.023333333333333334,0.015,0.98267674
0.025,0.015333333333333332,0.9825906
0.026333333333333334,0.015333333333333332,0.98175114
0.026333333333333334,0.015666666666666666,0.98112553
0.026333333333333334,0.01633333333333333,0.98100805
0.026333333333333334,0.016666666666666666,0.98100334
0.02666666666666667,0.016666666666666666,0.9808877
0.02666666666666667,0.017666666666666667,0.97930455
0.027333333333333334,0.017666666666666667,0.9788767
0.027333333333333334,0.018333333333333333,0.9787964
0.027333333333333334,0.019333333333333334,0.97736067
0.027333333333333334,0.02,0.97732854
0.027333333333333334,0.020666666666666667,0.9763072
0.028666666666666667,0.020666666666666667,0.97597814
0.028666666666666667,0.021,0.97507894
0.029333333333333333,0.021,0.97484756
0.029333333333333333,0.021333333333333333,0.9748336
0.030666666666666665,0.021333333333333333,0.97424555
0.030666666666666665,0.02266666666666667,0.972381
0.03133333333333333,0.02266666666666667,0.97199833
0.03133333333333333,0.023,0.9713772
0.03233333333333333,0.023,0.97129256
0.03266666666666666,0.023,0.9712925
0.03266666666666666,0.023666666666666666,0.97061056
0.03266666666666666,0.029666666666666668,0.9706105
0.033,0.029666666666666668,0.96998674
0.033,0.030333333333333334,0.9696615
0.034,0.030333333333333334,0.96820635
0.034,0.031,0.968012
0.034,0.03166666666666667,0.96775776
0.034333333333333334,0.03166666666666667,0.96765465
0.034333333333333334,0.03233333333333333,0.9669946
0.034333333333333334,0.03266666666666666,0.9666718
0.035333333333333335,0.03266666666666666,0.96588546
0.035333333333333335,0.03333333333333333,0.964477
0.035666666666666666,0.03333333333333333,0.96399516
0.035666666666666666,0.034,0.96340007
0.035666666666666666,0.034666666666666665,0.96222085
0.036333333333333336,0.034666666666666665,0.96212727
0.036333333333333336,0.035333333333333335,0.96078587
0.036333333333333336,0.036,0.9599322
0.036333333333333336,0.03666666666666667,0.9596292
0.036333333333333336,0.037,0.9590908
0.037,0.037,0.9580526
0.037,0.038,0.9562276
0.03766666666666667,0.038,0.95521253
0.03766666666666667,0.03866666666666667,0.9537411
0.038,0.03866666666666667,0.9527316
0.038,0.03933333333333333,0.9521465
0.038,0.04033333333333333,0.9517043
0.03866666666666667,0.04033333333333333,0.9515401
0.03866666666666667,0.04066666666666666,0.95043296
0.03933333333333333,0.04066666666666666,0.94911736
0.03933333333333333,0.041,0.9483872
0.03966666666666667,0.041,0.9479817
0.04133333333333333,0.041,0.9476839
0.042,0.041,0.9455582
0.042666666666666665,0.041,0.9448682
0.042666666666666665,0.042333333333333334,0.94213444
0.043333333333333335,0.042333333333333334,0.9418779
0.044,0.042333333333333334,0.94110566
0.044,0.042666666666666665,0.93976945
0.044333333333333336,0.042666666666666665,0.9385892
0.045,0.042666666666666665,0.9385751
0.045,0.043,0.9385317
0.04566666666666667,0.043,0.93729424
0.04566666666666667,0.043333333333333335,0.9372141
0.04566666666666667,0.044,0.93708116
0.04666666666666667,0.044,0.93662906
0.04666666666666667,0.04466666666666667,0.93318945
0.04766666666666667,0.04466666666666667,0.9308208
0.04766666666666667,0.045,0.9300732
0.04833333333333333,0.045,0.92842835
0.04833333333333333,0.04533333333333334,0.92801875
0.05,0.04533333333333334,0.9279481
0.051,0.04533333333333334,0.9264858
0.051,0.04566666666666667,0.92614305
0.051333333333333335,0.04566666666666667,0.9252986
0.051333333333333335,0.046,0.9251582
0.051666666666666666,0.046,0.9234106
0.051666666666666666,0.04766666666666667,0.92031133
0.052,0.04766666666666667,0.9200085
0.052,0.048,0.91996527
0.058,0.048,0.9190436
0.058666666666666666,0.048,0.9189977
0.058666666666666666,0.048666666666666664,0.9187151
0.06,0.048666666666666664,0.91700155
0.06,0.051333333333333335,0.9140756
0.060333333333333336,0.051333333333333335,0.91343784
0.060333333333333336,0.051666666666666666,0.9130113
0.06066666666666667,0.051666666666666666,0.9123863
0.06066666666666667,0.052,0.91233015
0.061,0.052,0.912107
0.061,0.052333333333333336,0.9119664
0.06133333333333333,0.052333333333333336,0.91173434
0.06133333333333333,0.05333333333333334,0.91094357
0.06166666666666667,0.05333333333333334,0.91085297
0.06166666666666667,0.055,0.90921557
0.06366666666666666,0.055,0.9061332
0.06366666666666666,0.05633333333333333,0.9028871
0.064,0.05633333333333333,0.9025686
0.06466666666666666,0.05633333333333333,0.9019945
0.06466666666666666,0.05733333333333333,0.89748496
0.065,0.05733333333333333,0.8965441
0.06633333333333333,0.05733333333333333,0.8965151
0.06633333333333333,0.058,0.8963531
0.067,0.058,0.8960048
0.067,0.058333333333333334,0.89582753
0.06733333333333333,0.058333333333333334,0.89527565
0.06733333333333333,0.058666666666666666,0.895022
0.068,0.058666666666666666,0.8932005
0.068,0.060333333333333336,0.8913122
0.06833333333333333,0.060333333333333336,0.89130783
0.06833333333333333,0.06166666666666667,0.88991606
0.06866666666666667,0.06166666666666667,0.8888289
0.06866666666666667,0.06233333333333333,0.88839126
0.069,0.06233333333333333,0.88682073
0.069,0.063,0.88669074
0.06933333333333333,0.063,0.8852953
0.06933333333333333,0.06433333333333334,0.8826314
0.06966666666666667,0.06433333333333334,0.882041
0.06966666666666667,0.06533333333333333,0.8812055
0.07,0.06533333333333333,0.8811947
0.07,0.06666666666666667,0.88050467
0.07033333333333333,0.06666666666666667,0.880473
0.07033333333333333,0.06733333333333333,0.8798693
0.07066666666666667,0.06733333333333333,0.8795248
0.07066666666666667,0.06833333333333333,0.8781388
0.071,0.06833333333333333,0.8778453
0.07166666666666667,0.06833333333333333,0.87782115
0.072,0.06833333333333333,0.8777481
0.072,0.06866666666666667,0.8775561
0.07233333333333333,0.06866666666666667,0.87753135
0.073,0.06866666666666667,0.8775271
0.073,0.069,0.87716454
0.07333333333333333,0.069,0.8769426
0.07333333333333333,0.07066666666666667,0.87580264
0.074,0.07066666666666667,0.87498534
0.074,0.071,0.8745371
0.07433333333333333,0.071,0.87448716
0.07433333333333333,0.07166666666666667,0.8741371
0.07533333333333334,0.07166666666666667,0.8729663
0.07533333333333334,0.072,0.872381
0.07566666666666666,0.072,0.87069094
0.07566666666666666,0.07233333333333333,0.8706702
0.077,0.07233333333333333,0.8698371
0.077,0.07333333333333333,0.86890864
0.07733333333333334,0.07333333333333333,0.8683593
0.07733333333333334,0.07366666666666667,0.86811
0.078,0.07366666666666667,0.8675891
0.078,0.07466666666666667,0.86611396
0.08066666666666666,0.07466666666666667,0.8652447
0.08066666666666666,0.075,0.86509085
0.081,0.075,0.86438644
0.08166666666666667,0.075,0.8635701
0.08166666666666667,0.076,0.8632318
0.08166666666666667,0.07733333333333334,0.86319345
0.08166666666666667,0.078,0.8631931
0.08166666666666667,0.079,0.862435
0.08366666666666667,0.079,0.8620273
0.08366666666666667,0.07933333333333334,0.86160755
0.084,0.07933333333333334,0.8614443
0.084,0.08066666666666666,0.8612884
0.08433333333333333,0.08066666666666666,0.86123174
0.08433333333333333,0.08266666666666667,0.86069256
0.08433333333333333,0.08366666666666667,0.8605734
0.08433333333333333,0.08866666666666667,0.8605645
0.08433333333333333,0.08966666666666667,0.8604478
0.08466666666666667,0.08966666666666667,0.860294
0.08466666666666667,0.09066666666666667,0.86006063
0.086,0.09066666666666667,0.858741
0.086,0.09133333333333334,0.85797745
0.08633333333333333,0.09133333333333334,0.8577181
0.08633333333333333,0.09333333333333334,0.8536723
0.08666666666666667,0.09333333333333334,0.85330594
0.08666666666666667,0.09433333333333334,0.8522056
0.08733333333333333,0.09433333333333334,0.8516917
0.08733333333333333,0.096,0.8489276
0.08766666666666667,0.096,0.8486231
0.08766666666666667,0.09633333333333334,0.8475417
0.08833333333333333,0.09633333333333334,0.84751
0.08866666666666667,0.09633333333333334,0.8466092
0.08866666666666667,0.09666666666666666,0.8465598
0.089,0.09666666666666666,0.8459034
0.089,0.09766666666666667,0.844591
0.08933333333333333,0.09766666666666667,0.84458286
0.08933333333333333,0.098,0.84396636
0.08966666666666667,0.098,0.8438744
0.08966666666666667,0.099,0.8431085
0.08966666666666667,0.09933333333333333,0.84267193
0.09,0.09933333333333333,0.8420189
0.09066666666666667,0.09933333333333333,0.8414748
0.09066666666666667,0.10033333333333333,0.8402432
0.092,0.10033333333333333,0.83905995
0.092,0.10166666666666667,0.8370117
0.09266666666666666,0.10166666666666667,0.8364294
0.093,0.10166666666666667,0.8348587
0.093,0.103,0.83403414
0.09333333333333334,0.103,0.83359826
0.09333333333333334,0.10366666666666667,0.83307993
0.094,0.10366666666666667,0.832407
0.094,0.104,0.8323219
0.09433333333333334,0.104,0.8321317
0.09433333333333334,0.10466666666666667,0.8314036
0.09433333333333334,0.106,0.83120584
0.09433333333333334,0.10633333333333334,0.8303294
0.095,0.10633333333333334,0.82973605
0.095,0.10733333333333334,0.82935333
0.09566666666666666,0.10733333333333334,0.8284014
0.09566666666666666,0.10766666666666666,0.828308
0.096,0.10766666666666666,0.82808065
0.096,0.108,0.82742023
0.09633333333333334,0.108,0.8269942
0.09633333333333334,0.10933333333333334,0.82422394
0.09666666666666666,0.10933333333333334,0.82403183
0.09666666666666666,0.10966666666666666,0.8239305
0.097,0.10966666666666666,0.82378733
0.097,0.111,0.82339656
0.09766666666666667,0.111,0.8227993
0.09766666666666667,0.11266666666666666,0.8209079
0.09833333333333333,0.11266666666666666,0.8200076
0.09833333333333333,0.114,0.81975394
0.09866666666666667,0.114,0.81964195
0.09866666666666667,0.11433333333333333,0.81953645
0.09966666666666667,0.11433333333333333,0.81757617
0.09966666666666667,0.11466666666666667,0.8171927
0.10033333333333333,0.11466666666666667,0.8168512
0.10033333333333333,0.11666666666666667,0.815425
0.10066666666666667,0.11666666666666667,0.8141113
0.10066666666666667,0.117,0.81323755
0.10166666666666667,0.117,0.81299555
0.102,0.117,0.8127612
0.102,0.11733333333333333,0.81249833
0.10233333333333333,0.11733333333333333,0.8123726
0.10233333333333333,0.11766666666666667,0.8123093
0.103,0.11766666666666667,0.81229913
0.105,0.11766666666666667,0.812299
0.105,0.11866666666666667,0.81193364
0.10533333333333333,0.11866666666666667,0.81151557
0.10533333333333333,0.11966666666666667,0.81112915
0.106,0.11966666666666667,0.81083196
0.106,0.12133333333333333,0.8092908
0.10633333333333334,0.12133333333333333,0.8073341
0.10633333333333334,0.12166666666666667,0.80714303
0.10633333333333334,0.12233333333333334,0.80697274
0.10666666666666667,0.12233333333333334,0.80693996
0.10666666666666667,0.12266666666666666,0.80690366
0.10733333333333334,0.12266666666666666,0.80606127
0.10733333333333334,0.12466666666666666,0.80252534
0.108,0.12466666666666666,0.8024039
0.108,0.12566666666666668,0.8020222
0.108,0.12633333333333333,0.80173564
0.108,0.12666666666666668,0.80159783
0.10866666666666666,0.12666666666666668,0.801182
0.10866666666666666,0.127,0.80100423
0.109,0.127,0.8008979
0.11433333333333333,0.127,0.80047166
0.115,0.127,0.8004715
0.115,0.128,0.80004096
0.11566666666666667,0.128,0.799738
0.11566666666666667,0.132,0.79712725
0.116,0.132,0.79703546
0.116,0.13233333333333333,0.7969903
0.11666666666666667,0.13233333333333333,0.79583466
0.11666666666666667,0.13266666666666665,0.7956221
0.11733333333333333,0.13266666666666665,0.7942431
0.11733333333333333,0.133,0.7934543
0.118,0.133,0.79226726
0.11833333333333333,0.133,0.79222
0.11833333333333333,0.13333333333333333,0.79210615
0.11833333333333333,0.135,0.7917554
0.11866666666666667,0.135,0.7910814
0.11866666666666667,0.13566666666666666,0.7901094
0.119,0.13566666666666666,0.7899894
0.119,0.136,0.7898323
0.11933333333333333,0.136,0.7897627
0.11933333333333333,0.13633333333333333,0.78966933
0.11966666666666667,0.13633333333333333,0.78939444
0.12233333333333334,0.13633333333333333,0.78932524
0.12233333333333334,0.13766666666666666,0.78797793
0.12266666666666666,0.13766666666666666,0.78779465
0.12266666666666666,0.138,0.7876005
0.123,0.138,0.7874515
0.123,0.13833333333333334,0.7870638
0.12333333333333334,0.13833333333333334,0.78704727
0.12333333333333334,0.139,0.7868021
0.12333333333333334,0.14,0.78564
0.124,0.14,0.78522307
0.124,0.14033333333333334,0.7851862
0.12466666666666666,0.14033333333333334,0.78506744
0.12466666666666666,0.143,0.78258955
0.125,0.143,0.7825338
0.125,0.14333333333333334,0.7817962
0.12566666666666668,0.14333333333333334,0.78053784
0.12566666666666668,0.145,0.77884114
0.12566666666666668,0.14566666666666667,0.7787994
0.12566666666666668,0.147,0.7773466
0.12666666666666668,0.147,0.7766143
0.12666666666666668,0.14933333333333335,0.7747029
0.127,0.14933333333333335,0.77465343
0.127,0.15233333333333332,0.77165866
0.12733333333333333,0.15233333333333332,0.77162814
0.12733333333333333,0.153,0.7705821
0.12766666666666668,0.153,0.7703037
0.12766666666666668,0.154,0.7700399
0.12833333333333333,0.154,0.76982653
0.12833333333333333,0.15466666666666667,0.76980615
0.12866666666666668,0.15466666666666667,0.7697247
0.12866666666666668,0.15533333333333332,0.76950717
0.129,0.15533333333333332,0.7692447
0.129,0.156,0.7690189
0.12933333333333333,0.156,0.76883054
0.12933333333333333,0.15666666666666668,0.7682972
0.12966666666666668,0.15666666666666668,0.76810783
0.12966666666666668,0.157,0.7679919
0.131,0.157,0.7679789
0.13133333333333333,0.157,0.7678944
0.13133333333333333,0.15866666666666668,0.76669383
0.13166666666666665,0.15866666666666668,0.76584184
0.13166666666666665,0.16033333333333333,0.765747
0.132,0.16033333333333333,0.7655847
0.132,0.16066666666666668,0.7650207
0.13266666666666665,0.16066666666666668,0.76480037
0.13266666666666665,0.16133333333333333,0.7645428
0.133,0.16133333333333333,0.763991
0.133,0.16166666666666665,0.7639622
0.13366666666666666,0.16166666666666665,0.7634408
0.13366666666666666,0.16266666666666665,0.7628588
0.134,0.16266666666666665,0.7627678
0.134,0.163,0.7626711
0.13466666666666666,0.163,0.762623
0.13466666666666666,0.166,0.76071316
0.135,0.166,0.760594
0.13566666666666666,0.166,0.7605146
0.13566666666666666,0.16666666666666666,0.76041085
0.13666666666666666,0.16666666666666666,0.7598208
0.13666666666666666,0.16766666666666666,0.7594864
0.138,0.16766666666666666,0.75876564
0.138,0.168,0.7587196
0.13933333333333334,0.168,0.7586169
0.13933333333333334,0.16833333333333333,0.75857884
0.14733333333333334,0.16833333333333333,0.75790155
0.14733333333333334,0.16866666666666666,0.75783443
0.14966666666666667,0.16866666666666666,0.75700784
0.14966666666666667,0.16933333333333334,0.75696945
0.15,0.16933333333333334,0.756921
0.15,0.17133333333333334,0.7556177
0.15033333333333335,0.17133333333333334,0.7555141
0.15033333333333335,0.173,0.75463194
0.15066666666666667,0.173,0.7545494
0.15066666666666667,0.17366666666666666,0.75418246
0.151,0.17366666666666666,0.7540112
0.151,0.17466666666666666,0.75255144
0.152,0.17466666666666666,0.7520716
0.152,0.175,0.75149345
0.153,0.175,0.75124294
0.153,0.17933333333333334,0.74917006
0.154,0.17933333333333334,0.74778783
0.154,0.17966666666666667,0.7476355
0.15433333333333332,0.17966666666666667,0.74750954
0.15433333333333332,0.18033333333333335,0.7474218
0.155,0.18033333333333335,0.7471118
0.15566666666666668,0.18033333333333335,0.74709845
0.15666666666666668,0.18033333333333335,0.746102
0.15666666666666668,0.18066666666666667,0.7459812
0.15833333333333333,0.18066666666666667,0.7453891
0.15833333333333333,0.181,0.7449624
0.15866666666666668,0.181,0.7447493
0.15866666666666668,0.18166666666666667,0.7442429
0.162,0.18166666666666667,0.74361336
0.16466666666666666,0.18166666666666667,0.74361295
0.165,0.18166666666666667,0.7436085
0.165,0.18333333333333332,0.7424889
0.16533333333333333,0.18333333333333332,0.74238324
0.16533333333333333,0.18366666666666667,0.74219674
0.166,0.18366666666666667,0.74211967
0.166,0.184,0.74180466
0.16633333333333333,0.184,0.7417635
0.16633333333333333,0.18433333333333332,0.7414614
0.16733333333333333,0.18433333333333332,0.7412959
0.16733333333333333,0.18466666666666667,0.7411041
0.16766666666666666,0.18466666666666667,0.7410481
0.16833333333333333,0.18466666666666667,0.7410415
0.16866666666666666,0.18466666666666667,0.7409414
0.16866666666666666,0.18533333333333332,0.74022853
0.169,0.18533333333333332,0.7397033
0.169,0.18766666666666668,0.73886305
0.16933333333333334,0.18766666666666668,0.73878086
0.16933333333333334,0.18833333333333332,0.73857117
0.17,0.18833333333333332,0.73842776
0.17,0.18866666666666668,0.7383712
0.171,0.18866666666666668,0.73829746
0.171,0.189,0.73828804
0.17133333333333334,0.189,0.73809034
0.17133333333333334,0.18933333333333333,0.7380794
0.172,0.18933333333333333,0.73777676
0.172,0.19166666666666668,0.7374847
0.172,0.19233333333333333,0.7372931
0.172,0.19266666666666668,0.7370339
0.17266666666666666,0.19266666666666668,0.7361777
0.17266666666666666,0.193,0.73616785
0.17366666666666666,0.193,0.73591703
0.17366666666666666,0.19366666666666665,0.73578453
0.174,0.19366666666666665,0.7356912
0.174,0.19466666666666665,0.7348242
0.17433333333333334,0.19466666666666665,0.73482203
0.17433333333333334,0.19533333333333333,0.73463
0.17433333333333334,0.196,0.73410475
0.17466666666666666,0.196,0.7340642
0.17466666666666666,0.19633333333333333,0.7335442
0.17533333333333334,0.19633333333333333,0.73354036
0.17533333333333334,0.19733333333333333,0.7328484
0.17566666666666667,0.19733333333333333,0.7327665
0.17566666666666667,0.2,0.7303051
0.176,0.2,0.73012686
0.176,0.20033333333333334,0.73011255
0.17666666666666667,0.20033333333333334,0.7294799
0.17666666666666667,0.201,0.72900146
0.17833333333333334,0.201,0.72782004
0.179,0.201,0.7277191
0.179,0.20166666666666666,0.72738266
0.18,0.20166666666666666,0.7265359
0.18,0.202,0.7264296
0.18033333333333335,0.202,0.7263187
0.18033333333333335,0.20233333333333334,0.72630143
0.181,0.20233333333333334,0.72603714
0.181,0.20266666666666666,0.7259301
0.181,0.20333333333333334,0.7257804
0.181,0.20433333333333334,0.725575
0.18133333333333335,0.20433333333333334,0.72542775
0.18133333333333335,0.206,0.7244189
0.18166666666666667,0.206,0.7243235
0.18166666666666667,0.20666666666666667,0.7241919
0.182,0.20666666666666667,0.72391355
0.182,0.20766666666666667,0.72343385
0.18266666666666667,0.20766666666666667,0.72327876
0.18266666666666667,0.208,0.72321856
0.183,0.208,0.72317547
0.183,0.20833333333333334,0.7230776
0.184,0.20833333333333334,0.72263575
0.184,0.20866666666666667,0.72233915
0.18433333333333332,0.20866666666666667,0.72196877
0.19033333333333333,0.20866666666666667,0.721212
0.191,0.20866666666666667,0.721159
0.19133333333333333,0.20866666666666667,0.7210957
0.19133333333333333,0.21033333333333334,0.72078687
0.19166666666666668,0.21033333333333334,0.72039694
0.19166666666666668,0.211,0.7196162
0.19166666666666668,0.21166666666666667,0.71947205
0.192,0.21166666666666667,0.7192402
0.192,0.213,0.7183192
0.19266666666666668,0.213,0.7179839
0.19266666666666668,0.21366666666666667,0.71723104
0.193,0.21366666666666667,0.7170771
0.193,0.21433333333333332,0.71691567
0.19366666666666665,0.21433333333333332,0.7168937
0.194,0.21433333333333332,0.7167976
0.194,0.21466666666666667,0.7167829
0.19533333333333333,0.21466666666666667,0.71623176
0.19533333333333333,0.21566666666666667,0.71603525
0.19566666666666666,0.21566666666666667,0.71596086
0.19566666666666666,0.21633333333333332,0.7156379
0.19633333333333333,0.21633333333333332,0.71549666
0.19633333333333333,0.21666666666666667,0.7154192
0.19666666666666666,0.21666666666666667,0.7152724
0.19666666666666666,0.217,0.71524227
0.197,0.217,0.7145214
0.197,0.21866666666666668,0.7137945
0.19733333333333333,0.21866666666666668,0.7134944
0.19733333333333333,0.21933333333333332,0.7134057
0.19766666666666666,0.21933333333333332,0.71338844
0.19766666666666666,0.22033333333333333,0.7131129
0.19766666666666666,0.221,0.71308994
0.198,0.221,0.7130724
0.198,0.222,0.7130434
0.2,0.222,0.7126424
0.2,0.22333333333333333,0.7121148
0.20066666666666666,0.22333333333333333,0.71203077
0.20066666666666666,0.22433333333333333,0.7107655
0.201,0.22433333333333333,0.7107612
0.201,0.225,0.7107091
0.201,0.22733333333333333,0.70896465
0.20133333333333334,0.22733333333333333,0.70866275
0.20133333333333334,0.22766666666666666,0.7084924
0.202,0.22766666666666666,0.7080584
0.202,0.22866666666666666,0.7075826
0.20366666666666666,0.22866666666666666,0.70741904
0.20366666666666666,0.229,0.7068453
0.204,0.229,0.70669323
0.204,0.23033333333333333,0.70617634
0.20433333333333334,0.23033333333333333,0.7061556
0.20433333333333334,0.23066666666666666,0.7060178
0.205,0.23066666666666666,0.70579815
0.205,0.23166666666666666,0.70522416
0.20533333333333334,0.23166666666666666,0.7050421
0.20533333333333334,0.232,0.70490515
0.20566666666666666,0.232,0.70488614
0.20566666666666666,0.235,0.70320797
0.20633333333333334,0.235,0.7030933
0.20633333333333334,0.23766666666666666,0.70191693
0.20666666666666667,0.23766666666666666,0.70173395
0.20666666666666667,0.23833333333333334,0.7012147
0.207,0.23833333333333334,0.7011945
0.207,0.23966666666666667,0.70075786
0.20733333333333334,0.23966666666666667,0.7006337
0.20733333333333334,0.24033333333333334,0.7004608
0.20766666666666667,0.24033333333333334,0.70024645
0.20766666666666667,0.24233333333333335,0.69943714
0.20833333333333334,0.24233333333333335,0.6994365
0.20833333333333334,0.243,0.6994276
0.20833333333333334,0.244,0.6991588
0.20866666666666667,0.244,0.69914585
0.20933333333333334,0.244,0.6990718
0.20933333333333334,0.246,0.6978773
0.21,0.246,0.69774354
0.21,0.24633333333333332,0.6976167
0.21133333333333335,0.24633333333333332,0.6970345
0.21133333333333335,0.24733333333333332,0.6968318
0.21233333333333335,0.24733333333333332,0.69676733
0.21233333333333335,0.248,0.69664586
0.21266666666666667,0.248,0.69657564
0.21266666666666667,0.25,0.69595325
0.213,0.25,0.6958216
0.213,0.251,0.6954337
0.21366666666666667,0.251,0.6949479
0.21366666666666667,0.25133333333333335,0.69461155
0.21433333333333332,0.25133333333333335,0.69454086
0.21433333333333332,0.252,0.6938145
0.215,0.252,0.69362426
0.215,0.25333333333333335,0.69337684
0.21566666666666667,0.25333333333333335,0.69327027
0.21633333333333332,0.25333333333333335,0.6928532
0.21633333333333332,0.25366666666666665,0.69281864
0.21666666666666667,0.25366666666666665,0.6926583
0.21733333333333332,0.25366666666666665,0.6926564
0.21866666666666668,0.25366666666666665,0.6922766
0.21866666666666668,0.254,0.6922725
0.22,0.254,0.6921292
0.22,0.255,0.6919297
0.22033333333333333,0.255,0.69191444
0.22033333333333333,0.25533333333333336,0.6916516
0.22066666666666668,0.25533333333333336,0.69144744
0.22066666666666668,0.25733333333333336,0.6903439
0.221,0.25733333333333336,0.6903169
0.221,0.25866666666666666,0.69010913
0.22333333333333333,0.25866666666666666,0.6885284
0.22333333333333333,0.259,0.6884489
0.22433333333333333,0.259,0.68793845
0.22433333333333333,0.25933333333333336,0.6879327
0.22433333333333333,0.26033333333333336,0.6878227
0.225,0.26033333333333336,0.6875553
0.225,0.262,0.68661636
0.22533333333333333,0.262,0.6864012
0.22533333333333333,0.26266666666666666,0.68607605
0.22566666666666665,0.26266666666666666,0.6860026
0.22566666666666665,0.264,0.68575466
0.22566666666666665,0.26466666666666666,0.6856823
0.22566666666666665,0.26566666666666666,0.6848453
0.22733333333333333,0.26566666666666666,0.68438137
0.22733333333333333,0.266,0.68427414
0.22766666666666666,0.266,0.68426174
0.22766666666666666,0.268,0.6833218
0.22833333333333333,0.268,0.68331724
0.229,0.268,0.6832117
0.22966666666666666,0.268,0.68296826
0.22966666666666666,0.2693333333333333,0.6828256
0.23033333333333333,0.2693333333333333,0.68255424
0.23033333333333333,0.27,0.6821768
0.23066666666666666,0.27,0.68217146
0.23066666666666666,0.2703333333333333,0.68210757
0.23133333333333334,0.2703333333333333,0.6818228
0.23133333333333334,0.272,0.6813005
0.23133333333333334,0.27266666666666667,0.6811992
0.23133333333333334,0.2733333333333333,0.68075454
0.23133333333333334,0.2753333333333333,0.6807543
0.23133333333333334,0.27566666666666667,0.68067914
0.232,0.27566666666666667,0.68063056
0.232,0.2763333333333333,0.680355
0.23233333333333334,0.2763333333333333,0.68018717
0.23233333333333334,0.2803333333333333,0.67876744
0.23266666666666666,0.2803333333333333,0.67854327
0.23266666666666666,0.2816666666666667,0.6781373
0.233,0.2816666666666667,0.67809546
0.233,0.284,0.6765988
0.23333333333333334,0.284,0.6765153
0.23333333333333334,0.2846666666666667,0.6763513
0.23366666666666666,0.2846666666666667,0.6763292
0.23366666666666666,0.285,0.67625964
0.234,0.285,0.6759509
0.234,0.2856666666666667,0.6755001
0.234,0.28633333333333333,0.6752205
0.23433333333333334,0.28633333333333333,0.6751296
0.23433333333333334,0.2866666666666667,0.6751195
0.23466666666666666,0.2866666666666667,0.6751168
0.23466666666666666,0.288,0.67489225
0.235,0.288,0.67469925
0.235,0.2896666666666667,0.67412895
0.23566666666666666,0.2896666666666667,0.6740433
0.23566666666666666,0.29,0.6740252
0.23566666666666666,0.2906666666666667,0.6740101
0.23566666666666666,0.29133333333333333,0.67374223
0.23633333333333334,0.29133333333333333,0.67357576
0.23633333333333334,0.2916666666666667,0.67325974
0.23733333333333334,0.2916666666666667,0.67310333
0.238,0.2916666666666667,0.67303437
0.238,0.292,0.6730244
0.23833333333333334,0.292,0.67297196
0.23833333333333334,0.29233333333333333,0.6728692
0.23866666666666667,0.29233333333333333,0.67283833
0.23866666666666667,0.29433333333333334,0.6717377
0.239,0.29433333333333334,0.6717318
0.239,0.2956666666666667,0.67115366
0.24,0.2956666666666667,0.6707473
0.24,0.29633333333333334,0.6706121
0.24033333333333334,0.29633333333333334,0.6700425
0.24033333333333334,0.29733333333333334,0.66988933
0.24033333333333334,0.298,0.669708
0.24033333333333334,0.2986666666666667,0.6696026
0.241,0.2986666666666667,0.6692692
0.241,0.29933333333333334,0.6691195
0.24133333333333334,0.29933333333333334,0.6690961
0.24133333333333334,0.3016666666666667,0.66793734
0.24166666666666667,0.3016666666666667,0.66787446
0.24166666666666667,0.302,0.66765165
0.24266666666666667,0.302,0.6674528
0.24366666666666667,0.302,0.6673298
0.24366666666666667,0.30233333333333334,0.66731584
0.244,0.30233333333333334,0.667198
0.244,0.30266666666666664,0.6670189
0.24466666666666667,0.30266666666666664,0.6663119
0.24466666666666667,0.303,0.66615176
0.245,0.303,0.6660216
0.245,0.305,0.66517115
0.24533333333333332,0.305,0.6649848
0.24533333333333332,0.30833333333333335,0.6626432
0.246,0.30833333333333335,0.66248614
0.246,0.30866666666666664,0.6624176
0.24666666666666667,0.30866666666666664,0.6621932
0.24666666666666667,0.309,0.6620426
0.24733333333333332,0.309,0.66160667
0.24733333333333332,0.30933333333333335,0.66133904
0.248,0.30933333333333335,0.6612954
0.248,0.30966666666666665,0.6609621
0.24833333333333332,0.30966666666666665,0.6608808
0.24833333333333332,0.31,0.66067153
0.249,0.31,0.6604277
0.249,0.311,0.6598908
0.24933333333333332,0.311,0.65987796
0.24933333333333332,0.31133333333333335,0.6598766
0.24966666666666668,0.31133333333333335,0.65951043
0.24966666666666668,0.31333333333333335,0.65840155
0.25,0.31333333333333335,0.6581898
0.25,0.31466666666666665,0.65781474
0.25033333333333335,0.31466666666666665,0.6577922
0.25033333333333335,0.31566666666666665,0.6575389
0.25066666666666665,0.31566666666666665,0.65742195
0.25066666666666665,0.316,0.6573014
0.25166666666666665,0.316,0.6565545
0.25166666666666665,0.31733333333333336,0.6562953
0.25233333333333335,0.31733333333333336,0.65578324
0.25233333333333335,0.31866666666666665,0.65561616
0.25266666666666665,0.31866666666666665,0.65558445
0.25266666666666665,0.31933333333333336,0.6554773
0.253,0.31933333333333336,0.6554307
0.25866666666666666,0.31933333333333336,0.6554305
0.259,0.31933333333333336,0.65516174
0.259,0.31966666666666665,0.65513456
0.25933333333333336,0.31966666666666665,0.6548191
0.25933333333333336,0.32066666666666666,0.654621
0.26066666666666666,0.32066666666666666,0.6539159
0.26066666666666666,0.321,0.65391064
0.2613333333333333,0.321,0.65384316
0.2613333333333333,0.323,0.653191
0.26166666666666666,0.323,0.65314114
0.26166666666666666,0.32366666666666666,0.65302634
0.26166666666666666,0.3243333333333333,0.65296984
0.262,0.3243333333333333,0.65286267
0.262,0.32466666666666666,0.6527514
0.2623333333333333,0.32466666666666666,0.65270865
0.2623333333333333,0.32566666666666666,0.65233797
0.26266666666666666,0.32566666666666666,0.6522098
0.26266666666666666,0.32766666666666666,0.6508842
0.2633333333333333,0.32766666666666666,0.65077066
0.2633333333333333,0.328,0.6507293
0.26466666666666666,0.328,0.6504713
0.26466666666666666,0.3283333333333333,0.6503682
0.265,0.3283333333333333,0.6500646
0.265,0.32866666666666666,0.64991593
0.2653333333333333,0.32866666666666666,0.64971274
0.2653333333333333,0.329,0.64964426
0.26566666666666666,0.329,0.6496018
0.26566666666666666,0.3293333333333333,0.64923424
0.266,0.3293333333333333,0.64920276
0.266,0.3303333333333333,0.6491566
0.2663333333333333,0.3303333333333333,0.64909035
0.267,0.3303333333333333,0.6488414
0.267,0.33066666666666666,0.6487713
0.2673333333333333,0.33066666666666666,0.6487354
0.2673333333333333,0.331,0.64841574
0.26766666666666666,0.331,0.6483287
0.26766666666666666,0.33166666666666667,0.64810395
0.268,0.33166666666666667,0.64801073
0.268,0.332,0.6473479
0.271,0.332,0.64718664
0.271,0.3323333333333333,0.647104
0.27166666666666667,0.3323333333333333,0.6469527
0.27166666666666667,0.33266666666666667,0.6467987
0.272,0.33266666666666667,0.64678186
0.272,0.333,0.6465044
0.27266666666666667,0.333,0.6462761
0.27266666666666667,0.33466666666666667,0.6455134
0.273,0.33466666666666667,0.6453191
0.273,0.335,0.6451596
0.27366666666666667,0.335,0.64475775
0.27366666666666667,0.3353333333333333,0.64466393
0.27366666666666667,0.3383333333333333,0.6443297
0.27366666666666667,0.339,0.64418316
0.274,0.339,0.64370716
0.274,0.3393333333333333,0.6432555
0.2743333333333333,0.3393333333333333,0.64321584
0.2743333333333333,0.3396666666666667,0.64302856
0.27466666666666667,0.3396666666666667,0.64277124
0.27466666666666667,0.34,0.6425693
0.2753333333333333,0.34,0.6424835
0.2753333333333333,0.3403333333333333,0.6424749
0.276,0.3403333333333333,0.6422926
0.276,0.341,0.6421511
0.2763333333333333,0.341,0.64204895
0.2763333333333333,0.3413333333333333,0.64201933
0.277,0.3413333333333333,0.6418805
0.277,0.342,0.64165413
0.2773333333333333,0.342,0.64143205
0.2773333333333333,0.3426666666666667,0.6413437
0.278,0.3426666666666667,0.6412556
0.278,0.3433333333333333,0.6412318
0.2786666666666667,0.3433333333333333,0.6411723
0.2786666666666667,0.3436666666666667,0.6411642
0.279,0.3436666666666667,0.6411377
0.279,0.3456666666666667,0.64005804
0.2793333333333333,0.3456666666666667,0.64002216
0.2823333333333333,0.3456666666666667,0.64002204
0.2823333333333333,0.349,0.6387607
0.283,0.349,0.63802594
0.283,0.34933333333333333,0.6379445
0.2833333333333333,0.34933333333333333,0.63729906
0.2833333333333333,0.3496666666666667,0.63728213
0.284,0.3496666666666667,0.6369534
0.284,0.35,0.6369425
0.2843333333333333,0.35,0.63692564
0.2843333333333333,0.357,0.6348053
0.285,0.357,0.63460696
0.285,0.3596666666666667,0.6330923
0.2853333333333333,0.3596666666666667,0.63306576
0.2853333333333333,0.36,0.63297975
0.286,0.36,0.6324426
0.286,0.36033333333333334,0.63224334
0.2866666666666667,0.36033333333333334,0.6320006
0.28733333333333333,0.36033333333333334,0.63191795
0.28733333333333333,0.3606666666666667,0.6318182
0.2876666666666667,0.3606666666666667,0.6315651
0.2876666666666667,0.36133333333333334,0.6313579
0.288,0.36133333333333334,0.63115585
0.2886666666666667,0.36133333333333334,0.6311382
0.28933333333333333,0.36133333333333334,0.6310903
0.28933333333333333,0.3616666666666667,0.6310655
0.2896666666666667,0.3616666666666667,0.6308708
0.2896666666666667,0.362,0.63084126
0.29,0.362,0.6308292
0.29,0.36233333333333334,0.6306191
0.2906666666666667,0.36233333333333334,0.6302558
0.2906666666666667,0.364,0.6299542
0.291,0.364,0.62971944
0.291,0.365,0.62944233
0.2916666666666667,0.365,0.6294316
0.2916666666666667,0.36566666666666664,0.6291614
0.2926666666666667,0.36566666666666664,0.6286843
0.2926666666666667,0.366,0.6282532
0.293,0.366,0.62806475
0.293,0.36666666666666664,0.6278993
0.293,0.367,0.62768364
0.29333333333333333,0.367,0.6275111
0.29333333333333333,0.36766666666666664,0.62722504
0.294,0.36766666666666664,0.6270819
0.294,0.36833333333333335,0.6270318
0.294,0.369,0.6266826
0.29433333333333334,0.369,0.6265825
0.29433333333333334,0.36966666666666664,0.62626356
0.2946666666666667,0.36966666666666664,0.62617385
0.2946666666666667,0.37,0.6256871
0.29533333333333334,0.37,0.6253445
0.29533333333333334,0.371,0.62446356
0.2966666666666667,0.371,0.6242098
0.2966666666666667,0.37133333333333335,0.6240959
0.297,0.37133333333333335,0.6240884
0.297,0.372,0.6235881
0.29733333333333334,0.372,0.62325406
0.29733333333333334,0.373,0.6232194
0.298,0.373,0.62212414
0.298,0.37333333333333335,0.6216676
0.2986666666666667,0.37333333333333335,0.62131333
0.2986666666666667,0.37366666666666665,0.6210995
0.299,0.37366666666666665,0.6209675
0.299,0.37466666666666665,0.6208557
0.29933333333333334,0.37466666666666665,0.62055147
0.29933333333333334,0.37666666666666665,0.619265
0.3006666666666667,0.37666666666666665,0.6189233
0.301,0.37666666666666665,0.6189232
0.301,0.377,0.6185933
0.301,0.37766666666666665,0.61842906
0.301,0.38,0.6166322
0.30133333333333334,0.38,0.6165599
0.30733333333333335,0.38,0.61641395
0.30733333333333335,0.38166666666666665,0.6157228
0.308,0.38166666666666665,0.6154854
0.308,0.38233333333333336,0.61511296
0.30833333333333335,0.38233333333333336,0.61508
0.30833333333333335,0.38266666666666665,0.61501145
0.30866666666666664,0.38266666666666665,0.61499953
0.30866666666666664,0.385,0.6137659
0.309,0.385,0.6137252
0.309,0.3863333333333333,0.61338603
0.30933333333333335,0.3863333333333333,0.6127306
0.30933333333333335,0.38866666666666666,0.6120591
0.31,0.38866666666666666,0.611952
0.31,0.389,0.61193585
0.31,0.38966666666666666,0.6117737
0.311,0.38966666666666666,0.6113822
0.311,0.39,0.611315
0.31166666666666665,0.39,0.6111879
0.31166666666666665,0.3903333333333333,0.61106503
0.312,0.3903333333333333,0.61104774
0.312,0.39066666666666666,0.6109662
0.31233333333333335,0.39066666666666666,0.6109607
0.31233333333333335,0.391,0.6107929
0.31333333333333335,0.391,0.6096606
0.31333333333333335,0.3913333333333333,0.6095505
0.31366666666666665,0.3913333333333333,0.60949737
0.31366666666666665,0.39166666666666666,0.6091323
0.315,0.39166666666666666,0.6090668
0.31566666666666665,0.39166666666666666,0.6089934
0.31566666666666665,0.393,0.6086327
0.31633333333333336,0.393,0.60862446
0.31666666666666665,0.393,0.6085247
0.31666666666666665,0.3933333333333333,0.6084511
0.31733333333333336,0.3933333333333333,0.60833997
0.31733333333333336,0.3943333333333333,0.6073333
0.318,0.3943333333333333,0.6072254
0.318,0.3953333333333333,0.60625875
0.31833333333333336,0.3953333333333333,0.60616785
0.31833333333333336,0.39566666666666667,0.60590315
0.31866666666666665,0.39566666666666667,0.6057118
0.31866666666666665,0.3963333333333333,0.60547984
0.32,0.3963333333333333,0.6048567
0.32,0.39666666666666667,0.6046259
0.32033333333333336,0.39666666666666667,0.60440433
0.32033333333333336,0.3973333333333333,0.6042256
0.32066666666666666,0.3973333333333333,0.60410243
0.32066666666666666,0.39766666666666667,0.60385025
0.321,0.39766666666666667,0.6035924
0.321,0.3983333333333333,0.60352546
0.32166666666666666,0.3983333333333333,0.60310936
0.32166666666666666,0.39866666666666667,0.6029024
0.322,0.39866666666666667,0.60290205
0.322,0.399,0.6028869
0.323,0.399,0.60246694
0.323,0.39966666666666667,0.6023433
0.324,0.39966666666666667,0.6022708
0.32466666666666666,0.39966666666666667,0.60152394
0.32466666666666666,0.40066666666666667,0.6007085
0.3253333333333333,0.40066666666666667,0.6005225
0.3253333333333333,0.401,0.6004977
0.32566666666666666,0.401,0.6004139
0.32566666666666666,0.402,0.59994435
0.3263333333333333,0.402,0.5990114
0.3263333333333333,0.4033333333333333,0.5983305
0.327,0.4033333333333333,0.59812176
0.327,0.4036666666666667,0.59806585
0.32766666666666666,0.4036666666666667,0.59769833
0.329,0.4036666666666667,0.5974019
0.33,0.4036666666666667,0.5961013
0.33,0.405,0.5955727
0.3303333333333333,0.405,0.595071
0.3303333333333333,0.4056666666666667,0.5950135
0.33066666666666666,0.4056666666666667,0.5948802
0.33066666666666666,0.406,0.5948575
0.33066666666666666,0.4066666666666667,0.5948438
0.33066666666666666,0.407,0.5943605
0.3313333333333333,0.407,0.59352994
0.3313333333333333,0.4073333333333333,0.59335124
0.33166666666666667,0.4073333333333333,0.5932083
0.33166666666666667,0.4076666666666667,0.5929561
0.332,0.4076666666666667,0.5926945
0.332,0.408,0.5926131
0.333,0.408,0.59233034
0.33366666666666667,0.408,0.5923302
0.33366666666666667,0.409,0.5917735
0.3343333333333333,0.409,0.59164363
0.3343333333333333,0.41,0.5907459
0.33466666666666667,0.41,0.5906615
0.33466666666666667,0.41133333333333333,0.58951885
0.335,0.41133333333333333,0.58932745
0.335,0.4116666666666667,0.58920205
0.33566666666666667,0.4116666666666667,0.58916277
0.33566666666666667,0.412,0.58881205
0.342,0.412,0.5887494
0.3423333333333333,0.412,0.58872855
0.3423333333333333,0.41233333333333333,0.58870727
0.3426666666666667,0.41233333333333333,0.5886662
0.3426666666666667,0.41333333333333333,0.5883266
0.3433333333333333,0.41333333333333333,0.5880389
0.3433333333333333,0.414,0.58794856
0.3436666666666667,0.414,0.5879226
0.3436666666666667,0.415,0.58771527
0.344,0.415,0.58761454
0.344,0.41533333333333333,0.58753216
0.3446666666666667,0.41533333333333333,0.5868812
0.3446666666666667,0.41733333333333333,0.58601403
0.345,0.41733333333333333,0.58592856
0.345,0.4246666666666667,0.5859051
0.345,0.425,0.5858226
0.3456666666666667,0.425,0.5856487
0.3456666666666667,0.426,0.5851423
0.3473333333333333,0.426,0.5845
0.3473333333333333,0.42633333333333334,0.5844283
0.348,0.42633333333333334,0.5843618
0.349,0.42633333333333334,0.5841796
0.3496666666666667,0.42633333333333334,0.58354497
0.3496666666666667,0.4266666666666667,0.58344626
0.35,0.4266666666666667,0.58343124
0.35,0.427,0.58311594
0.35033333333333333,0.427,0.58289325
0.35033333333333333,0.43133333333333335,0.57959354
0.3506666666666667,0.43133333333333335,0.5794697
0.3506666666666667,0.432,0.57909524
0.35133333333333333,0.432,0.5790042
0.35133333333333333,0.43233333333333335,0.5786218
0.352,0.43233333333333335,0.5785284
0.3526666666666667,0.43233333333333335,0.57845396
0.3526666666666667,0.43266666666666664,0.57811815
0.353,0.43266666666666664,0.57803476
0.353,0.433,0.5778599
0.35333333333333333,0.433,0.57756853
0.35333333333333333,0.43366666666666664,0.5770908
0.3536666666666667,0.43366666666666664,0.57698566
0.3536666666666667,0.434,0.57694733
0.355,0.434,0.57562363
0.355,0.435,0.5753883
0.3556666666666667,0.435,0.57461476
0.3556666666666667,0.43633333333333335,0.57399905
0.35633333333333334,0.43633333333333335,0.5738033
0.35633333333333334,0.43766666666666665,0.5730077
0.357,0.43766666666666665,0.57239664
0.357,0.439,0.57206583
0.35733333333333334,0.439,0.5716294
0.35733333333333334,0.43966666666666665,0.5711085
0.358,0.43966666666666665,0.57096994
0.358,0.44033333333333335,0.5698508
0.35833333333333334,0.44033333333333335,0.56983757
0.35833333333333334,0.44066666666666665,0.56979907
0.359,0.44066666666666665,0.5695628
0.359,0.44133333333333336,0.5692798
0.36,0.44133333333333336,0.5689491
0.36,0.44166666666666665,0.5689293
0.361,0.44166666666666665,0.56818926
0.3616666666666667,0.44166666666666665,0.56816065
0.3616666666666667,0.442,0.56807494
0.364,0.442,0.5670171
0.364,0.44266666666666665,0.5667926
0.36433333333333334,0.44266666666666665,0.56650054
0.36433333333333334,0.44366666666666665,0.56628597
0.36466666666666664,0.44366666666666665,0.5661329
0.36466666666666664,0.44466666666666665,0.56533533
0.36533333333333334,0.44466666666666665,0.56513643
0.36533333333333334,0.44533333333333336,0.56506044
0.36666666666666664,0.44533333333333336,0.5643389
0.36666666666666664,0.44633333333333336,0.5634835
0.36833333333333335,0.44633333333333336,0.5628886
0.36833333333333335,0.447,0.5625895
0.36866666666666664,0.447,0.5624768
0.36866666666666664,0.448,0.5621048
0.37,0.448,0.5617355
0.37066666666666664,0.448,0.56170285
0.37066666666666664,0.44866666666666666,0.5613164
0.371,0.44866666666666666,0.5602164
0.371,0.4503333333333333,0.5589194
0.37133333333333335,0.4503333333333333,0.5582472
0.37133333333333335,0.451,0.5581051
0.37233333333333335,0.451,0.5572243
0.37233333333333335,0.4513333333333333,0.55718756
0.37333333333333335,0.4513333333333333,0.5562904
0.37333333333333335,0.45166666666666666,0.55629015
0.374,0.45166666666666666,0.5562204
0.375,0.45166666666666666,0.5561048
0.375,0.45266666666666666,0.5550065
0.37633333333333335,0.45266666666666666,0.55374753
0.382,0.45266666666666666,0.5537365
0.382,0.45566666666666666,0.5521243
0.38266666666666665,0.45566666666666666,0.55163515
0.38266666666666665,0.4563333333333333,0.5515497
0.383,0.4563333333333333,0.55122554
0.383,0.459,0.5500039
0.38333333333333336,0.459,0.54894865
0.38333333333333336,0.4593333333333333,0.5485637
0.38433333333333336,0.4593333333333333,0.54775953
0.38433333333333336,0.4603333333333333,0.5471038
0.386,0.4603333333333333,0.54693294
0.386,0.46066666666666667,0.5464203
0.386,0.477,0.5462178
0.386,0.478,0.5462177
0.386,0.47833333333333333,0.5461924
0.3863333333333333,0.47833333333333333,0.5461457
0.3863333333333333,0.48,0.5460452
0.3863333333333333,0.4806666666666667,0.5458505
0.388,0.4806666666666667,0.5443429
0.388,0.48133333333333334,0.5438037
0.388,0.482,0.5437399
0.388,0.496,0.5437398
0.38866666666666666,0.496,0.5435858
0.38866666666666666,0.49733333333333335,0.5434182
0.38866666666666666,0.51,0.5434107
0.38866666666666666,0.5113333333333333,0.54341066
0.38866666666666666,0.512,0.5433954
0.38866666666666666,0.516,0.54339015
0.38866666666666666,0.5703333333333334,0.54339004
0.38866666666666666,0.5716666666666667,0.54335296
0.38866666666666666,0.5946666666666667,0.5433527
0.38866666666666666,0.5953333333333334,0.54287857
0.38866666666666666,0.596,0.5427976
0.38966666666666666,0.596,0.54261565
0.38966666666666666,0.5966666666666667,0.5424646
0.39,0.5966666666666667,0.5424471
0.39,0.5976666666666667,0.5421004
0.3903333333333333,0.5976666666666667,0.54193306
0.3903333333333333,0.5986666666666667,0.5409653
0.39066666666666666,0.5986666666666667,0.54085475
0.39066666666666666,0.599,0.5408449
0.391,0.599,0.54072994
0.391,0.5996666666666667,0.5406165
0.3913333333333333,0.5996666666666667,0.5404404
0.3913333333333333,0.6006666666666667,0.54022926
0.392,0.6006666666666667,0.53972936
0.392,0.6013333333333334,0.5390476
0.393,0.6013333333333334,0.53864634
0.39366666666666666,0.6013333333333334,0.5384835
0.39366666666666666,0.6023333333333334,0.5372343
0.394,0.6023333333333334,0.53718334
0.395,0.6023333333333334,0.5368444
0.395,0.6026666666666667,0.53643525
0.3953333333333333,0.6026666666666667,0.53628266
0.3953333333333333,0.6036666666666667,0.5361998
0.3953333333333333,0.6046666666666667,0.5357452
0.3953333333333333,0.6053333333333333,0.53564656
0.3953333333333333,0.6133333333333333,0.5356463
0.39566666666666667,0.6133333333333333,0.53559077
0.39566666666666667,0.6143333333333333,0.5352305
0.397,0.6143333333333333,0.53442436
0.397,0.615,0.5341902
0.3983333333333333,0.615,0.53319013
0.3983333333333333,0.6156666666666667,0.53296846
0.39866666666666667,0.6156666666666667,0.5328915
0.39866666666666667,0.616,0.53274727
0.399,0.616,0.53262186
0.399,0.6173333333333333,0.53151685
0.4003333333333333,0.6173333333333333,0.530805
0.40166666666666667,0.6173333333333333,0.53003705
0.4026666666666667,0.6173333333333333,0.5300207
0.4063333333333333,0.6173333333333333,0.52986014
0.4063333333333333,0.6176666666666667,0.52954435
0.4063333333333333,0.6183333333333333,0.5293964
0.4063333333333333,0.6186666666666667,0.5291673
0.4066666666666667,0.6186666666666667,0.5284743
0.4066666666666667,0.62,0.5273266
0.4073333333333333,0.62,0.5269322
0.4073333333333333,0.6203333333333333,0.52678996
0.4076666666666667,0.6203333333333333,0.52665544
0.4076666666666667,0.621,0.5261989
0.4086666666666667,0.621,0.5258536
0.4086666666666667,0.6213333333333333,0.52570844
0.41,0.6213333333333333,0.52519584
0.41,0.6216666666666667,0.5250834
0.41,0.6223333333333333,0.52489233
0.41,0.6226666666666667,0.52478325
0.41,0.6233333333333333,0.52474105
0.41,0.6236666666666667,0.5247408
0.4103333333333333,0.6236666666666667,0.52451575
0.4103333333333333,0.6246666666666667,0.523846
0.41133333333333333,0.6246666666666667,0.52280223
0.41133333333333333,0.625,0.52266055
0.4116666666666667,0.625,0.5221909
0.4116666666666667,0.6256666666666667,0.5219186
0.413,0.6256666666666667,0.52031994
0.413,0.627,0.5198501
0.41433333333333333,0.627,0.5194154
0.41433333333333333,0.6273333333333333,0.51892304
0.41533333333333333,0.6273333333333333,0.518764
0.41533333333333333,0.6276666666666667,0.5186296
0.4156666666666667,0.6276666666666667,0.51848876
0.4156666666666667,0.628,0.5181663
0.416,0.628,0.5181296
0.416,0.629,0.5180838
0.416,0.631,0.51706785
0.41633333333333333,0.631,0.5170313
0.417,0.631,0.5169767
0.41733333333333333,0.631,0.5166351
0.41733333333333333,0.632,0.516501
0.418,0.632,0.5164933
0.418,0.6326666666666667,0.516339
0.4186666666666667,0.6326666666666667,0.516255
0.4186666666666667,0.633,0.5162089
0.419,0.633,0.5162024
0.419,0.6333333333333333,0.5159348
0.4196666666666667,0.6333333333333333,0.51576084
0.4196666666666667,0.6343333333333333,0.51467544
0.42,0.6343333333333333,0.51443934
0.42,0.635,0.51387
0.4206666666666667,0.635,0.5129586
0.4206666666666667,0.6353333333333333,0.51289725
0.42133333333333334,0.6353333333333333,0.5123174
0.422,0.6353333333333333,0.51229906
0.42233333333333334,0.6353333333333333,0.5122602
0.42333333333333334,0.6353333333333333,0.5118562
0.4236666666666667,0.6353333333333333,0.511856
0.4236666666666667,0.6366666666666667,0.51115763
0.425,0.6366666666666667,0.5105789
0.425,0.638,0.5102488
0.425,0.6386666666666667,0.5102111
0.42533333333333334,0.6386666666666667,0.5102055
0.426,0.6386666666666667,0.5101141
0.426,0.639,0.51009095
0.428,0.639,0.50953245
0.428,0.64,0.5093318
0.42833333333333334,0.64,0.5092132
0.42833333333333334,0.641,0.50915027
0.42933333333333334,0.641,0.50850487
0.42933333333333334,0.6423333333333333,0.50848675
0.43,0.6423333333333333,0.50815654
0.43,0.6426666666666667,0.50800735
0.43066666666666664,0.6426666666666667,0.50772125
0.43266666666666664,0.6426666666666667,0.5069675
0.43266666666666664,0.643,0.5067594
0.43333333333333335,0.643,0.5066314
0.43333333333333335,0.6433333333333333,0.50652707
0.43466666666666665,0.6433333333333333,0.5056596
0.43466666666666665,0.6456666666666667,0.5040754
0.43533333333333335,0.6456666666666667,0.5036844
0.43533333333333335,0.6466666666666666,0.5033209
0.43633333333333335,0.6466666666666666,0.50250566
0.437,0.6466666666666666,0.5022154
0.43733333333333335,0.6466666666666666,0.50215614
0.43733333333333335,0.6473333333333333,0.50200176
0.43766666666666665,0.6473333333333333,0.50198394
0.43766666666666665,0.648,0.5017605
0.43766666666666665,0.6486666666666666,0.5014022
0.44566666666666666,0.6486666666666666,0.5004764
0.44633333333333336,0.6486666666666666,0.50047153
0.44866666666666666,0.6486666666666666,0.5003476
0.44866666666666666,0.6493333333333333,0.49921507
0.449,0.6493333333333333,0.49914822
0.449,0.6496666666666666,0.499124
0.4503333333333333,0.6496666666666666,0.4976795
0.4503333333333333,0.65,0.49745443
0.45066666666666666,0.65,0.49699214
0.45066666666666666,0.6506666666666666,0.49670365
0.451,0.6506666666666666,0.49629495
0.451,0.651,0.49627388
0.4523333333333333,0.651,0.49603954
0.4523333333333333,0.6513333333333333,0.49602342
0.45266666666666666,0.6513333333333333,0.49601215
0.45266666666666666,0.6516666666666666,0.4959767
0.4543333333333333,0.6516666666666666,0.49583066
0.4543333333333333,0.652,0.49580833
0.4553333333333333,0.652,0.49572918
0.4553333333333333,0.6526666666666666,0.495696
0.45966666666666667,0.6526666666666666,0.4951059
0.45966666666666667,0.653,0.49510202
0.463,0.653,0.49473268
0.463,0.654,0.49416232
0.46366666666666667,0.654,0.4930749
0.46366666666666667,0.6546666666666666,0.49281076
0.464,0.6546666666666666,0.49238116
0.4663333333333333,0.6546666666666666,0.4918594
0.467,0.6546666666666666,0.49185637
0.4673333333333333,0.6546666666666666,0.49184266
0.4673333333333333,0.655,0.4916447
0.4683333333333333,0.655,0.4911949
0.4683333333333333,0.6553333333333333,0.49117196
0.469,0.6553333333333333,0.49072483
0.4693333333333333,0.6553333333333333,0.49066848
0.4693333333333333,0.6556666666666666,0.49062544
0.4696666666666667,0.6556666666666666,0.490558
0.4696666666666667,0.656,0.49041292
0.47,0.656,0.49032578
0.47,0.657,0.4899092
0.4706666666666667,0.657,0.48932728
0.4706666666666667,0.6573333333333333,0.48924115
0.4713333333333333,0.6573333333333333,0.48902926
0.4713333333333333,0.6576666666666666,0.48882928
0.4723333333333333,0.6576666666666666,0.4887141
0.473,0.6576666666666666,0.48860157
0.473,0.659,0.4880479
0.47333333333333333,0.659,0.48792592
0.47333333333333333,0.6593333333333333,0.487766
0.4736666666666667,0.6593333333333333,0.48771438
0.4736666666666667,0.6603333333333333,0.48733202
0.474,0.6603333333333333,0.48717627
0.474,0.6606666666666666,0.48659578
0.47433333333333333,0.6606666666666666,0.48659325
0.4756666666666667,0.6606666666666666,0.48657846
0.4756666666666667,0.6633333333333333,0.48498595
0.4766666666666667,0.6633333333333333,0.48429117
0.4766666666666667,0.664,0.48414642
0.477,0.664,0.4834002
0.477,0.6646666666666666,0.48283768
0.478,0.6646666666666666,0.48213503
0.478,0.6653333333333333,0.4817919
0.478,0.666,0.48160496
0.47933333333333333,0.666,0.48029768
0.47933333333333333,0.6666666666666666,0.4799516
0.4796666666666667,0.6666666666666666,0.47989458
0.4796666666666667,0.6673333333333333,0.47958302
0.481,0.6673333333333333,0.47901416
0.481,0.6676666666666666,0.47888345
0.4816666666666667,0.6676666666666666,0.47814006
0.4816666666666667,0.6686666666666666,0.4774346
0.48233333333333334,0.6686666666666666,0.4772462
0.48233333333333334,0.669,0.4765376
0.4826666666666667,0.669,0.47633114
0.4826666666666667,0.6716666666666666,0.47464877
0.483,0.6716666666666666,0.47457987
0.483,0.6726666666666666,0.47445485
0.483,0.6733333333333333,0.47441536
0.48333333333333334,0.6733333333333333,0.47435114
0.48333333333333334,0.6736666666666666,0.4740983
0.4846666666666667,0.6736666666666666,0.4739865
0.4846666666666667,0.6746666666666666,0.47362277
0.4846666666666667,0.675,0.47305155
0.48533333333333334,0.675,0.47273615
0.486,0.675,0.47250986
0.4866666666666667,0.675,0.4725098
0.4866666666666667,0.6753333333333333,0.4724417
0.488,0.6753333333333333,0.4719778
0.488,0.6756666666666666,0.47173244
0.489,0.6756666666666666,0.47122037
0.489,0.676,0.47113863
0.48966666666666664,0.676,0.4706363
0.49033333333333334,0.676,0.4706224
0.49066666666666664,0.676,0.47046494
0.49066666666666664,0.6763333333333333,0.470312
0.491,0.6763333333333333,0.4702703
0.491,0.6766666666666666,0.47022128
0.49166666666666664,0.6766666666666666,0.46974313
0.49166666666666664,0.677,0.4692834
0.492,0.677,0.46894515
0.492,0.6773333333333333,0.46879905
0.49266666666666664,0.6773333333333333,0.46810418
0.49266666666666664,0.678,0.46752247
0.49366666666666664,0.678,0.4666266
0.49366666666666664,0.6783333333333333,0.46656856
0.494,0.6786666666666666,0.4664541
0.494,0.679,0.4664319
0.494,0.681,0.46643147
0.49433333333333335,0.681,0.46623737
0.49433333333333335,0.6816666666666666,0.46580267
0.49466666666666664,0.6816666666666666,0.4656821
0.49466666666666664,0.6823333333333333,0.4655275
0.49533333333333335,0.6823333333333333,0.46483472
0.49533333333333335,0.683,0.4639329
0.496,0.683,0.4633603
0.496,0.684,0.46321616
0.496,0.6846666666666666,0.4631494
0.49666666666666665,0.6846666666666666,0.46276516
0.49666666666666665,0.685,0.462599
0.49766666666666665,0.685,0.4620177
0.49766666666666665,0.686,0.46098277
0.499,0.686,0.4607271
0.499,0.6863333333333334,0.4604454
0.5006666666666667,0.6863333333333334,0.4596239
0.5006666666666667,0.687,0.45930126
0.501,0.687,0.45891708
0.501,0.6883333333333334,0.4574934
0.5013333333333333,0.6883333333333334,0.45694894
0.5013333333333333,0.6886666666666666,0.4568714
0.5016666666666667,0.6886666666666666,0.45682636
0.5016666666666667,0.689,0.45679864
0.5023333333333333,0.689,0.45632273
0.5023333333333333,0.6893333333333334,0.4563004
0.5026666666666667,0.6893333333333334,0.45618358
0.5026666666666667,0.6896666666666667,0.45601732
0.5043333333333333,0.6896666666666667,0.45575136
0.5043333333333333,0.69,0.4555461
0.5046666666666667,0.69,0.45547992
0.5046666666666667,0.6903333333333334,0.45527872
0.5056666666666667,0.6903333333333334,0.4549094
0.5056666666666667,0.6923333333333334,0.45284408
0.5063333333333333,0.6923333333333334,0.4526372
0.5063333333333333,0.6933333333333334,0.4520565
0.5063333333333333,0.6946666666666667,0.4519681
0.5066666666666667,0.6946666666666667,0.451867
0.5066666666666667,0.695,0.4516858
0.508,0.695,0.45080546
0.508,0.6963333333333334,0.45002198
0.5086666666666667,0.6963333333333334,0.44965917
0.5086666666666667,0.6966666666666667,0.44899786
0.5093333333333333,0.6966666666666667,0.44882098
0.51,0.6966666666666667,0.44848892
0.51,0.6976666666666667,0.4482639
0.5103333333333333,0.6976666666666667,0.4478227
0.5103333333333333,0.6983333333333334,0.44715554
0.5116666666666667,0.6983333333333334,0.4468339
0.5116666666666667,0.699,0.4459573
0.5123333333333333,0.699,0.44565943
0.5123333333333333,0.7013333333333334,0.44365218
0.5133333333333333,0.7013333333333334,0.44318417
0.5133333333333333,0.702,0.44273952
0.5136666666666667,0.702,0.4424883
0.5136666666666667,0.7026666666666667,0.442441
0.5136666666666667,0.703,0.44237474
0.5143333333333333,0.703,0.4418153
0.5143333333333333,0.704,0.4413882
0.5146666666666667,0.704,0.4411046
0.5146666666666667,0.7046666666666667,0.44061127
0.515,0.7046666666666667,0.4402866
0.5156666666666667,0.7046666666666667,0.43876082
0.5166666666666667,0.7046666666666667,0.4381061
0.5166666666666667,0.705,0.43729293
0.5173333333333333,0.705,0.43658528
0.5173333333333333,0.7053333333333334,0.43634316
0.5176666666666667,0.7053333333333334,0.43633026
0.5176666666666667,0.706,0.43549424
0.5183333333333333,0.706,0.43508407
0.5183333333333333,0.708,0.43468532
0.5183333333333333,0.7086666666666667,0.43467715
0.5186666666666667,0.7086666666666667,0.43463153
0.5186666666666667,0.709,0.43412188
0.5193333333333333,0.709,0.43404055
0.5193333333333333,0.7093333333333334,0.43390423
0.5193333333333333,0.7106666666666667,0.4333253
0.5193333333333333,0.7113333333333334,0.43316805
0.52,0.7113333333333334,0.4326336
0.52,0.712,0.4324141
0.52,0.714,0.4318978
0.5203333333333333,0.714,0.43179974
0.5203333333333333,0.7143333333333334,0.43158764
0.5213333333333333,0.7143333333333334,0.43091285
0.5213333333333333,0.715,0.43043232
0.5223333333333333,0.715,0.4303834
0.5223333333333333,0.7163333333333334,0.4288275
0.5226666666666666,0.7163333333333334,0.4287073
0.5253333333333333,0.7163333333333334,0.42870712
0.5253333333333333,0.7176666666666667,0.42677096
0.5256666666666666,0.7176666666666667,0.42660013
0.5256666666666666,0.7183333333333334,0.42572907
0.526,0.7183333333333334,0.42558908
0.5266666666666666,0.7183333333333334,0.4255889
0.527,0.7183333333333334,0.42548484
0.527,0.719,0.4249522
0.5276666666666666,0.719,0.42465448
0.5276666666666666,0.72,0.42430183
0.528,0.72,0.42429864
0.5286666666666666,0.72,0.42415914
0.5313333333333333,0.72,0.42415884
0.5313333333333333,0.721,0.42357638
0.532,0.721,0.42352867
0.532,0.7216666666666667,0.422841
0.5333333333333333,0.7216666666666667,0.42263934
0.5336666666666666,0.7216666666666667,0.42171896
0.5336666666666666,0.722,0.4216002
0.5343333333333333,0.722,0.4212836
0.5343333333333333,0.7233333333333334,0.4200123
0.535,0.7233333333333334,0.41943347
0.535,0.7236666666666667,0.41909316
0.536,0.7236666666666667,0.41884726
0.5366666666666666,0.7236666666666667,0.41879892
0.5366666666666666,0.7243333333333334,0.41783327
0.5373333333333333,0.7243333333333334,0.4174332
0.5373333333333333,0.725,0.4170051
0.5386666666666666,0.725,0.4169769
0.539,0.725,0.4167375
0.539,0.726,0.4155758
0.5393333333333333,0.726,0.41549802
0.5393333333333333,0.7263333333333334,0.41539806
0.5406666666666666,0.7263333333333334,0.41422796
0.5413333333333333,0.7263333333333334,0.41415766
0.5413333333333333,0.7266666666666667,0.41401267
0.5416666666666666,0.7266666666666667,0.41374433
0.5416666666666666,0.7283333333333334,0.41164213
0.5446666666666666,0.7283333333333334,0.41157404
0.5446666666666666,0.729,0.41102904
0.5463333333333333,0.729,0.4103029
0.5463333333333333,0.7293333333333333,0.41024345
0.5506666666666666,0.7293333333333333,0.40964454
0.5513333333333333,0.7293333333333333,0.4095558
0.554,0.7293333333333333,0.4091045
0.554,0.7296666666666667,0.4089797
0.5553333333333333,0.7296666666666667,0.40841636
0.556,0.7296666666666667,0.40832174
0.5563333333333333,0.7296666666666667,0.4083153
0.5563333333333333,0.7306666666666667,0.40819016
0.5573333333333333,0.7306666666666667,0.40803254
0.5573333333333333,0.731,0.40795776
0.558,0.731,0.40777135
0.558,0.732,0.4076731
0.5583333333333333,0.732,0.4075546
0.5583333333333333,0.7326666666666667,0.40716523
0.5586666666666666,0.7326666666666667,0.4069271
0.5586666666666666,0.7336666666666667,0.4067403
0.5593333333333333,0.7336666666666667,0.40631005
0.5593333333333333,0.734,0.406301
0.5593333333333333,0.7346666666666667,0.40614602
0.5593333333333333,0.735,0.40604094
0.5593333333333333,0.736,0.40587455
0.5593333333333333,0.7376666666666667,0.40444535
0.5596666666666666,0.7376666666666667,0.4040568
0.5596666666666666,0.738,0.40395424
0.5606666666666666,0.738,0.4038279
0.5606666666666666,0.7383333333333333,0.4035975
0.5613333333333334,0.7383333333333333,0.40356618
0.5613333333333334,0.74,0.40253377
0.5616666666666666,0.74,0.40244263
0.5616666666666666,0.7403333333333333,0.40244246
0.562,0.7403333333333333,0.40209645
0.562,0.741,0.40133575
0.5623333333333334,0.741,0.40046096
0.5623333333333334,0.7423333333333333,0.39986268
0.5626666666666666,0.7423333333333333,0.3995017
0.5626666666666666,0.743,0.39926213
0.5633333333333334,0.743,0.3989679
0.5633333333333334,0.7436666666666667,0.39875785
0.5636666666666666,0.7436666666666667,0.3987265
0.5636666666666666,0.7446666666666667,0.39842868
0.5643333333333334,0.7446666666666667,0.3979022
0.567,0.7446666666666667,0.39774415
0.57,0.7446666666666667,0.39753687
0.5706666666666667,0.7446666666666667,0.3970648
0.5706666666666667,0.745,0.39702275
0.571,0.745,0.3966097
0.571,0.7456666666666667,0.3960004
0.5716666666666667,0.7456666666666667,0.39528546
0.5716666666666667,0.746,0.39516267
0.5723333333333334,0.746,0.39501297
0.5723333333333334,0.7466666666666667,0.39481148
0.5726666666666667,0.7466666666666667,0.39379233
0.5726666666666667,0.7473333333333333,0.39369258
0.573,0.7473333333333333,0.3931791
0.573,0.7476666666666667,0.39266783
0.574,0.7476666666666667,0.39199415
0.574,0.749,0.39031056
0.5746666666666667,0.749,0.390042
0.5763333333333334,0.749,0.39002568
0.5763333333333334,0.7503333333333333,0.38917127
0.5773333333333334,0.7503333333333333,0.38858414
0.5773333333333334,0.7513333333333333,0.3881682
0.5776666666666667,0.7513333333333333,0.38810983
0.5776666666666667,0.753,0.38627756
0.5786666666666667,0.753,0.38594496
0.5786666666666667,0.7536666666666667,0.38577345
0.579,0.7536666666666667,0.3857598
0.579,0.7546666666666667,0.3854238
0.5796666666666667,0.7546666666666667,0.38470057
0.5796666666666667,0.755,0.38465276
0.5803333333333334,0.755,0.38464242
0.5803333333333334,0.756,0.38438475
0.5806666666666667,0.756,0.38399208
0.5806666666666667,0.7563333333333333,0.3838692
0.5813333333333334,0.7563333333333333,0.3837954
0.5813333333333334,0.7566666666666667,0.38367897
0.5816666666666667,0.7566666666666667,0.38365263
0.5816666666666667,0.757,0.38351473
0.582,0.757,0.382992
0.582,0.7573333333333333,0.3829158
0.5823333333333334,0.7573333333333333,0.3828985
0.5823333333333334,0.7576666666666667,0.38282004
0.583,0.7576666666666667,0.38226348
0.5833333333333334,0.7576666666666667,0.38194972
0.5833333333333334,0.7583333333333333,0.38155565
0.5836666666666667,0.7583333333333333,0.3814366
0.5836666666666667,0.7596666666666667,0.38072333
0.584,0.7596666666666667,0.38037828
0.584,0.76,0.3803495
0.5843333333333334,0.76,0.3803415
0.5843333333333334,0.7606666666666667,0.37955743
0.5853333333333334,0.7606666666666667,0.37876874
0.5853333333333334,0.761,0.37826052
0.5856666666666667,0.761,0.3777819
0.5856666666666667,0.7616666666666667,0.37771156
0.5856666666666667,0.7623333333333333,0.3775249
0.586,0.7623333333333333,0.37747937
0.586,0.764,0.37681645
0.5876666666666667,0.764,0.3762966
0.5876666666666667,0.7643333333333333,0.37623644
0.588,0.7643333333333333,0.37615004
0.588,0.7656666666666667,0.3760889
0.5896666666666667,0.7656666666666667,0.37513065
0.5896666666666667,0.766,0.37470412
0.5903333333333334,0.766,0.373982
0.5903333333333334,0.7666666666666667,0.37377882
0.5903333333333334,0.767,0.37360314
0.591,0.767,0.37340814
0.591,0.7673333333333333,0.37332895
0.5913333333333334,0.7673333333333333,0.3731601
0.5913333333333334,0.7703333333333333,0.37098262
0.5916666666666667,0.7703333333333333,0.37081861
0.5916666666666667,0.774,0.36946929
0.5923333333333334,0.774,0.3692294
0.5923333333333334,0.7743333333333333,0.36921462
0.5933333333333334,0.7743333333333333,0.36890194
0.5953333333333334,0.7743333333333333,0.36765105
0.5953333333333334,0.7746666666666666,0.3673866
0.5963333333333334,0.7746666666666666,0.36673748
0.5963333333333334,0.7756666666666666,0.36554828
0.5966666666666667,0.7756666666666666,0.36553353
0.5966666666666667,0.7763333333333333,0.36481732
0.597,0.7763333333333333,0.3644852
0.597,0.7766666666666666,0.3641131
0.5986666666666667,0.7766666666666666,0.36229992
0.5986666666666667,0.7773333333333333,0.36206916
0.599,0.7773333333333333,0.3617141
0.599,0.778,0.3612408
0.5996666666666667,0.778,0.35980156
0.5996666666666667,0.779,0.35624632
0.602,0.779,0.3534372
0.602,0.7793333333333333,0.35342088
0.6023333333333334,0.7793333333333333,0.35325095
0.6023333333333334,0.7806666666666666,0.3528932
0.6036666666666667,0.7806666666666666,0.35288367
0.6036666666666667,0.7813333333333333,0.35251567
0.6036666666666667,0.7816666666666666,0.35243982
0.6043333333333333,0.7816666666666666,0.35176235
0.6103333333333333,0.7816666666666666,0.35155922
0.6103333333333333,0.782,0.3503092
0.6106666666666667,0.782,0.3501969
0.6106666666666667,0.7826666666666666,0.3498037
0.611,0.7826666666666666,0.34948775
0.611,0.7833333333333333,0.3493477
0.6123333333333333,0.7833333333333333,0.34841263
0.6123333333333333,0.7836666666666666,0.34821543
0.613,0.7836666666666666,0.34786522
0.613,0.7846666666666666,0.34710068
0.6133333333333333,0.7846666666666666,0.34694344
0.6133333333333333,0.786,0.3457735
0.6136666666666667,0.786,0.34549454
0.6136666666666667,0.7866666666666666,0.3450678
0.6136666666666667,0.7886666666666666,0.3446136
0.614,0.7886666666666666,0.3442264
0.614,0.7903333333333333,0.34266168
0.6143333333333333,0.7903333333333333,0.34247303
0.6143333333333333,0.7906666666666666,0.34200576
0.6163333333333333,0.7906666666666666,0.33986995
0.617,0.7906666666666666,0.3398454
0.6176666666666667,0.7906666666666666,0.3388647
0.6176666666666667,0.7913333333333333,0.33857906
0.618,0.7913333333333333,0.33797178
0.618,0.792,0.33776048
0.618,0.7933333333333333,0.33695304
0.619,0.7933333333333333,0.33685136
0.619,0.7936666666666666,0.33576798
0.6193333333333333,0.7936666666666666,0.33569068
0.6193333333333333,0.794,0.33552998
0.6196666666666667,0.794,0.33500406
0.6196666666666667,0.7943333333333333,0.33471242
0.6216666666666667,0.7943333333333333,0.33469343
0.6226666666666667,0.7943333333333333,0.3346933
0.623,0.7943333333333333,0.33467388
0.623,0.7956666666666666,0.3325259
0.6233333333333333,0.7956666666666666,0.33205453
0.6233333333333333,0.7966666666666666,0.3317509
0.6233333333333333,0.797,0.33154246
0.624,0.797,0.33059403
0.624,0.7986666666666666,0.32853863
0.6246666666666667,0.7986666666666666,0.32843572
0.6246666666666667,0.799,0.32832703
0.625,0.799,0.32794484
0.625,0.7993333333333333,0.32762733
0.6253333333333333,0.7993333333333333,0.32757512
0.626,0.7993333333333333,0.32753494
0.6266666666666667,0.7993333333333333,0.32727116
0.6266666666666667,0.8006666666666666,0.32681188
0.6266666666666667,0.8013333333333333,0.32673106
0.6266666666666667,0.802,0.32630506
0.6276666666666667,0.802,0.32630178
0.6296666666666667,0.802,0.32630175
0.6296666666666667,0.8033333333333333,0.3259768
0.6303333333333333,0.8033333333333333,0.32573906
0.6303333333333333,0.8043333333333333,0.3248043
0.631,0.8043333333333333,0.32412553
0.6316666666666667,0.8043333333333333,0.32380608
0.6316666666666667,0.8056666666666666,0.32242545
0.632,0.8056666666666666,0.32208708
0.632,0.8063333333333333,0.32126322
0.6323333333333333,0.8063333333333333,0.32119828
0.6323333333333333,0.8073333333333333,0.320794
0.634,0.8073333333333333,0.31869054
0.634,0.8083333333333333,0.31811416
0.6353333333333333,0.8083333333333333,0.3164774
0.6353333333333333,0.809,0.31647012
0.6356666666666667,0.809,0.3158754
0.6356666666666667,0.81,0.31486708
0.636,0.81,0.3140467
0.636,0.8103333333333333,0.31367442
0.646,0.8103333333333333,0.3127266
0.6466666666666666,0.8103333333333333,0.31272596
0.6476666666666666,0.8103333333333333,0.31190443
0.6476666666666666,0.8106666666666666,0.3112941
0.6486666666666666,0.8106666666666666,0.31103128
0.6486666666666666,0.811,0.31081817
0.6493333333333333,0.811,0.31053817
0.6493333333333333,0.812,0.31019974
0.6503333333333333,0.812,0.30975756
0.6503333333333333,0.815,0.3076292
0.6506666666666666,0.815,0.30723473
0.6506666666666666,0.8156666666666667,0.30692735
0.6506666666666666,0.8166666666666667,0.30610538
0.651,0.8166666666666667,0.3059361
0.651,0.8193333333333334,0.30438894
0.6513333333333333,0.8193333333333334,0.30416438
0.6513333333333333,0.8196666666666667,0.3041396
0.6516666666666666,0.8196666666666667,0.30406636
0.6516666666666666,0.8206666666666667,0.30337325
0.6523333333333333,0.8206666666666667,0.30261603
0.6523333333333333,0.8233333333333334,0.30099988
0.6526666666666666,0.8233333333333334,0.3001839
0.6526666666666666,0.8236666666666667,0.30002633
0.6533333333333333,0.8236666666666667,0.29872105
0.6533333333333333,0.824,0.29857123
0.6536666666666666,0.824,0.29855683
0.6536666666666666,0.8243333333333334,0.2982316
0.6553333333333333,0.8243333333333334,0.2979699
0.6553333333333333,0.825,0.29757676
0.6556666666666666,0.825,0.29740706
0.6556666666666666,0.8266666666666667,0.29614225
0.656,0.8266666666666667,0.29607734
0.656,0.827,0.29602098
0.6563333333333333,0.827,0.29589084
0.6563333333333333,0.8276666666666667,0.29511198
0.6576666666666666,0.8276666666666667,0.29390362
0.6576666666666666,0.828,0.29363316
0.6583333333333333,0.828,0.2927764
0.6583333333333333,0.8286666666666667,0.2917683
0.6586666666666666,0.8286666666666667,0.2916997
0.6586666666666666,0.8303333333333334,0.29101902
0.659,0.8303333333333334,0.29078844
0.659,0.8306666666666667,0.29021654
0.6593333333333333,0.8306666666666667,0.28990614
0.6593333333333333,0.832,0.28832218
0.6606666666666666,0.832,0.28818703
0.662,0.832,0.28667435
0.662,0.8323333333333334,0.28642085
0.6633333333333333,0.8323333333333334,0.2864061
0.6636666666666666,0.8323333333333334,0.28624353
0.6636666666666666,0.8326666666666667,0.2862303
0.664,0.8326666666666667,0.28579682
0.664,0.8333333333333334,0.28494075
0.6646666666666666,0.8333333333333334,0.28481543
0.665,0.8333333333333334,0.28388846
0.665,0.8343333333333334,0.28346395
0.6656666666666666,0.8343333333333334,0.28315437
0.6656666666666666,0.8346666666666667,0.28286475
0.666,0.8346666666666667,0.28271586
0.666,0.8353333333333334,0.28231463
0.6676666666666666,0.8353333333333334,0.28084293
0.6676666666666666,0.8356666666666667,0.2808418
0.6703333333333333,0.8356666666666667,0.27838084
0.6703333333333333,0.8366666666666667,0.27522373
0.6713333333333333,0.8366666666666667,0.27415764
0.6713333333333333,0.8373333333333334,0.27376357
0.6716666666666666,0.8373333333333334,0.27337795
0.6716666666666666,0.8376666666666667,0.27333704
0.673,0.8376666666666667,0.27246642
0.673,0.838,0.27236396
0.6736666666666666,0.838,0.27100146
0.6736666666666666,0.8383333333333334,0.2706761
0.674,0.8383333333333334,0.27052855
0.674,0.8396666666666667,0.26905787
0.6746666666666666,0.8396666666666667,0.2688642
0.6746666666666666,0.84,0.26833645
0.675,0.84,0.26830202
0.675,0.8406666666666667,0.26810256
0.676,0.8406666666666667,0.26562747
0.676,0.8416666666666667,0.26486713
0.6776666666666666,0.8416666666666667,0.26297063
0.6776666666666666,0.8423333333333334,0.26149622
0.679,0.8423333333333334,0.26057836
0.679,0.8426666666666667,0.26050517
0.6793333333333333,0.8426666666666667,0.26009548
0.6793333333333333,0.843,0.26006514
0.6796666666666666,0.843,0.25988725
0.6796666666666666,0.8433333333333334,0.25986814
0.6806666666666666,0.8433333333333334,0.25928786
0.6806666666666666,0.844,0.2588574
0.6813333333333333,0.844,0.25869828
0.6813333333333333,0.8443333333333334,0.25857654
0.683,0.8443333333333334,0.25591648
0.683,0.845,0.25566798
0.6833333333333333,0.845,0.25523067
0.6833333333333333,0.8456666666666667,0.2536985
0.685,0.8456666666666667,0.25178364
0.685,0.846,0.2509823
0.6856666666666666,0.846,0.25026906
0.6856666666666666,0.8466666666666667,0.24903782
0.6863333333333334,0.8466666666666667,0.24873656
0.6863333333333334,0.8476666666666667,0.24791943
0.6863333333333334,0.8496666666666667,0.24791935
0.6863333333333334,0.85,0.24789707
0.6863333333333334,0.8593333333333333,0.24759871
0.6863333333333334,0.86,0.24759862
0.6866666666666666,0.86,0.24607483
0.6873333333333334,0.86,0.24592595
0.6873333333333334,0.8606666666666667,0.24533747
0.688,0.8606666666666667,0.2448762
0.688,0.861,0.24484718
0.6936666666666667,0.861,0.24462634
0.6953333333333334,0.861,0.24457297
0.6956666666666667,0.861,0.24448454
0.6966666666666667,0.861,0.24423589
0.6973333333333334,0.861,0.24368449
0.6973333333333334,0.8616666666666667,0.24157788
0.699,0.8616666666666667,0.24023178
0.699,0.863,0.23905651
0.7006666666666667,0.8633333333333333,0.23865525
0.7006666666666667,0.8646666666666667,0.2384907
0.701,0.8646666666666667,0.2383541
0.701,0.8653333333333333,0.23830017
0.701,0.8656666666666667,0.23792286
0.7013333333333334,0.8656666666666667,0.237367
0.7013333333333334,0.8666666666666667,0.23704371
0.7016666666666667,0.8666666666666667,0.2367143
0.7016666666666667,0.87,0.23115776
0.702,0.87,0.23099653
0.702,0.8703333333333333,0.23099568
0.7023333333333334,0.8703333333333333,0.23061718
0.7023333333333334,0.8713333333333333,0.22882016
0.7026666666666667,0.8713333333333333,0.22850338
0.7026666666666667,0.8733333333333333,0.22297189
0.703,0.8733333333333333,0.22293453
0.703,0.8736666666666667,0.22292458
0.7033333333333334,0.8736666666666667,0.22290473
0.7033333333333334,0.874,0.22283684
0.7036666666666667,0.874,0.22237545
0.7043333333333334,0.874,0.22223601
0.7073333333333334,0.874,0.22209977
0.7076666666666667,0.874,0.22206153
0.7076666666666667,0.8746666666666667,0.22202906
0.7083333333333334,0.8746666666666667,0.22134313
0.7083333333333334,0.875,0.22016929
0.7086666666666667,0.875,0.21987037
0.7086666666666667,0.8766666666666667,0.21782005
0.709,0.8766666666666667,0.21770242
0.7096666666666667,0.8766666666666667,0.21700603
0.7096666666666667,0.8773333333333333,0.21632053
0.71,0.8773333333333333,0.21481541
0.71,0.8783333333333333,0.2138978
0.7113333333333334,0.8783333333333333,0.2134991
0.7116666666666667,0.8783333333333333,0.2131228
0.7116666666666667,0.8793333333333333,0.21248943
0.7123333333333334,0.8793333333333333,0.21196887
0.7123333333333334,0.8796666666666667,0.21129507
0.7126666666666667,0.8796666666666667,0.21062024
0.7126666666666667,0.88,0.21040142
0.7133333333333334,0.88,0.21023265
0.7133333333333334,0.8806666666666667,0.2093964
0.7136666666666667,0.8806666666666667,0.20921828
0.7136666666666667,0.8813333333333333,0.20877053
0.714,0.8813333333333333,0.20847872
0.714,0.8816666666666667,0.2078522
0.7143333333333334,0.8816666666666667,0.20766854
0.7143333333333334,0.882,0.20715113
0.7146666666666667,0.882,0.20706919
0.7146666666666667,0.8836666666666667,0.2053413
0.7146666666666667,0.886,0.20534107
0.7146666666666667,0.8866666666666667,0.20515767
0.715,0.8866666666666667,0.20514025
0.7156666666666667,0.8866666666666667,0.20474607
0.7183333333333334,0.8866666666666667,0.2047235
0.7186666666666667,0.8866666666666667,0.20472318
0.7186666666666667,0.887,0.20452423
0.7196666666666667,0.887,0.20289207
0.7196666666666667,0.8876666666666667,0.20249884
0.72,0.8876666666666667,0.20245226
0.72,0.8883333333333333,0.20235316
0.7203333333333334,0.8883333333333333,0.20235081
0.7203333333333334,0.8906666666666667,0.20124024
0.7206666666666667,0.8906666666666667,0.20105974
0.7206666666666667,0.891,0.20096862
0.7213333333333334,0.891,0.20009384
0.7213333333333334,0.8913333333333333,0.19987382
0.7216666666666667,0.8913333333333333,0.19953302
0.7216666666666667,0.8916666666666667,0.19944502
0.7223333333333334,0.8916666666666667,0.1982251
0.7223333333333334,0.8926666666666667,0.1966509
0.7223333333333334,0.894,0.19575621
0.7223333333333334,0.8943333333333333,0.19471896
0.723,0.8943333333333333,0.19368085
0.723,0.896,0.19133465
0.7233333333333334,0.896,0.19116051
0.7233333333333334,0.897,0.19016746
0.7233333333333334,0.898,0.19003797
0.7233333333333334,0.8993333333333333,0.18868513
0.724,0.8993333333333333,0.18859334
0.724,0.8996666666666666,0.18804266
0.7243333333333334,0.8996666666666666,0.1879953
0.7243333333333334,0.9,0.18728514
0.7253333333333334,0.9,0.18570301
0.7253333333333334,0.9006666666666666,0.18469785
0.7263333333333334,0.9006666666666666,0.184054
0.7263333333333334,0.901,0.18385375
0.727,0.901,0.18314989
0.7276666666666667,0.901,0.1830609
0.7276666666666667,0.9013333333333333,0.18285345
0.728,0.9013333333333333,0.1828384
0.728,0.903,0.1823568
0.728,0.904,0.18153207
0.729,0.904,0.17905293
0.729,0.9046666666666666,0.17899959
0.7296666666666667,0.9046666666666666,0.17835759
0.7296666666666667,0.906,0.17634645
0.73,0.906,0.17606068
0.73,0.9066666666666666,0.17558084
0.7316666666666667,0.9066666666666666,0.17320366
0.7316666666666667,0.9076666666666666,0.17272343
0.7326666666666667,0.9076666666666666,0.17231897
0.7326666666666667,0.908,0.17201005
0.7333333333333333,0.908,0.1711298
0.7333333333333333,0.9083333333333333,0.17079924
0.734,0.9083333333333333,0.16999786
0.734,0.909,0.16990606
0.734,0.9093333333333333,0.16827469
0.7343333333333333,0.9093333333333333,0.16812664
0.7343333333333333,0.9116666666666666,0.1663165
0.7403333333333333,0.9116666666666666,0.16598211
0.7403333333333333,0.9126666666666666,0.16567352
0.7403333333333333,0.9156666666666666,0.16524896
0.7403333333333333,0.9203333333333333,0.16524847
0.7403333333333333,0.9206666666666666,0.16517028
0.741,0.9206666666666666,0.16496196
0.7413333333333333,0.9206666666666666,0.16483879
0.7413333333333333,0.921,0.16471614
0.7416666666666667,0.921,0.16421382
0.7416666666666667,0.9213333333333333,0.16415468
0.7423333333333333,0.9213333333333333,0.16347486
0.7423333333333333,0.923,0.16207998
0.7423333333333333,0.9246666666666666,0.1618082
0.7423333333333333,0.926,0.16175577
0.7423333333333333,0.927,0.16163959
0.7423333333333333,0.9276666666666666,0.16143677
0.7423333333333333,0.9283333333333333,0.16040172
0.743,0.9283333333333333,0.16018438
0.743,0.93,0.15947089
0.7433333333333333,0.93,0.15927084
0.7433333333333333,0.9306666666666666,0.15838932
0.7436666666666667,0.9306666666666666,0.1583837
0.7436666666666667,0.9313333333333333,0.15757735
0.7463333333333333,0.9313333333333333,0.15736386
0.7466666666666667,0.9313333333333333,0.1573638
0.7466666666666667,0.932,0.15711462
0.7466666666666667,0.933,0.15705763
0.7466666666666667,0.9343333333333333,0.15681247
0.7466666666666667,0.9356666666666666,0.15481874
0.7473333333333333,0.9356666666666666,0.1516575
0.7473333333333333,0.9363333333333334,0.14905785
0.7493333333333333,0.9363333333333334,0.14660339
0.7493333333333333,0.937,0.1451335
0.751,0.937,0.14459343
0.751,0.9373333333333334,0.1444788
0.7513333333333333,0.9373333333333334,0.14408042
0.7513333333333333,0.9376666666666666,0.14394467
0.7523333333333333,0.9376666666666666,0.14284669
0.7523333333333333,0.938,0.14222854
0.7526666666666667,0.938,0.14060941
0.7526666666666667,0.9383333333333334,0.14017372
0.753,0.9383333333333334,0.13907921
0.7536666666666667,0.9383333333333334,0.1389436
0.7536666666666667,0.9386666666666666,0.13864285
0.7543333333333333,0.9386666666666666,0.13633908
0.7543333333333333,0.939,0.1357853
0.755,0.939,0.13404432
0.755,0.9393333333333334,0.13336281
0.7556666666666667,0.9393333333333334,0.13293913
0.7566666666666667,0.9393333333333334,0.132939
0.757,0.9393333333333334,0.13080145
0.757,0.9396666666666667,0.13066159
0.7576666666666667,0.9396666666666667,0.1296124
0.7576666666666667,0.94,0.12888834
0.7583333333333333,0.94,0.1271625
0.7583333333333333,0.9413333333333334,0.1255693
0.7593333333333333,0.9413333333333334,0.12404499
0.7593333333333333,0.9416666666666667,0.123839416
0.76,0.9416666666666667,0.12233127
0.7603333333333333,0.9416666666666667,0.12209991
0.7603333333333333,0.942,0.1216914
0.761,0.942,0.12128463
0.761,0.9423333333333334,0.12114048
0.762,0.9423333333333334,0.11968888
0.7626666666666667,0.9423333333333334,0.119617335
0.7626666666666667,0.9426666666666667,0.11949394
0.7633333333333333,0.9426666666666667,0.1181872
0.7633333333333333,0.943,0.117378324
0.7636666666666667,0.943,0.11664441
0.7636666666666667,0.9436666666666667,0.11635843
0.7653333333333333,0.9436666666666667,0.11444699
0.7653333333333333,0.944,0.11380836
0.7656666666666667,0.944,0.11354354
0.7656666666666667,0.945,0.113134354
0.767,0.945,0.11218629
0.767,0.9453333333333334,0.1115043
0.7683333333333333,0.9453333333333334,0.11118826
0.7686666666666667,0.9453333333333334,0.11111542
0.7686666666666667,0.9456666666666667,0.110615425
0.7693333333333333,0.9456666666666667,0.11005607
0.7693333333333333,0.9476666666666667,0.10888364
0.77,0.9476666666666667,0.1079331
0.7706666666666667,0.9476666666666667,0.107409306
0.7706666666666667,0.948,0.10648796
0.7706666666666667,0.9486666666666667,0.10531275
0.772,0.9486666666666667,0.10390103
0.772,0.949,0.10330742
0.772,0.9496666666666667,0.10321792
0.772,0.95,0.10318495
0.7723333333333333,0.95,0.10304712
0.7723333333333333,0.9503333333333334,0.10277966
0.7733333333333333,0.9503333333333334,0.10274381
0.7736666666666666,0.9503333333333334,0.10265368
0.7736666666666666,0.951,0.10265116
0.7736666666666666,0.9513333333333334,0.102082364
0.774,0.9513333333333334,0.101931304
0.774,0.9516666666666667,0.101817146
0.7743333333333333,0.9516666666666667,0.101657815
0.7743333333333333,0.9526666666666667,0.10158378
0.7746666666666666,0.9526666666666667,0.100802526
0.7746666666666666,0.953,0.10040218
0.7763333333333333,0.953,0.09901045
0.7763333333333333,0.9533333333333334,0.09851507
0.7766666666666666,0.9533333333333334,0.09844631
0.7766666666666666,0.954,0.09697455
0.777,0.954,0.096773
0.777,0.9546666666666667,0.095930465
0.7776666666666666,0.9546666666666667,0.09437287
0.7783333333333333,0.9546666666666667,0.093867555
0.7783333333333333,0.955,0.09347694
0.7786666666666666,0.955,0.09346996
0.7786666666666666,0.9553333333333334,0.093435235
0.779,0.9553333333333334,0.093102336
0.7796666666666666,0.9553333333333334,0.092903316
0.7796666666666666,0.9556666666666667,0.092681676
0.7806666666666666,0.9556666666666667,0.09146918
0.7806666666666666,0.956,0.09076417
0.7813333333333333,0.956,0.09063668
0.7833333333333333,0.956,0.08821559
0.7833333333333333,0.9566666666666667,0.087680146
0.7843333333333333,0.9566666666666667,0.08689557
0.7843333333333333,0.957,0.086459346
0.785,0.957,0.086076826
0.7856666666666666,0.957,0.085642315
0.786,0.957,0.08557137
0.786,0.9573333333333334,0.08529515
0.7863333333333333,0.9573333333333334,0.08503633
0.7863333333333333,0.958,0.08425276
0.7866666666666666,0.958,0.08275102
0.7876666666666666,0.958,0.082715146
0.7876666666666666,0.9583333333333334,0.08195777
0.788,0.9583333333333334,0.08164459
0.788,0.9586666666666667,0.08159987
0.7886666666666666,0.9586666666666667,0.08158343
0.789,0.9586666666666667,0.08131306
0.79,0.9586666666666667,0.08076343
0.791,0.9586666666666667,0.08037403
0.791,0.9606666666666667,0.07988953
0.791,0.961,0.07973991
0.7913333333333333,0.961,0.07905886
0.7913333333333333,0.9613333333333334,0.077605985
0.792,0.9613333333333334,0.07716226
0.792,0.9626666666666667,0.07594809
0.7923333333333333,0.9626666666666667,0.07588206
0.7923333333333333,0.964,0.0751547
0.793,0.964,0.074630335
0.793,0.9643333333333334,0.074587815
0.7936666666666666,0.9643333333333334,0.07417238
0.7936666666666666,0.965,0.0739177
0.7943333333333333,0.965,0.07240033
0.7943333333333333,0.9653333333333334,0.07239388
0.795,0.9653333333333334,0.07203622
0.7956666666666666,0.9653333333333334,0.071797065
0.7956666666666666,0.966,0.0713384
0.7966666666666666,0.966,0.07091834
0.7966666666666666,0.9663333333333334,0.07043431
0.797,0.9663333333333334,0.0695998
0.798,0.9663333333333334,0.06945289
0.7986666666666666,0.9663333333333334,0.06944967
0.799,0.9663333333333334,0.06883573
0.799,0.967,0.06764568
0.7993333333333333,0.967,0.06756648
0.8023333333333333,0.967,0.06697171
0.8046666666666666,0.967,0.06468147
0.8053333333333333,0.967,0.06459098
0.8053333333333333,0.9673333333333334,0.06411531
0.806,0.9673333333333334,0.06386563
0.806,0.968,0.06268713
0.8063333333333333,0.968,0.062450867
0.807,0.968,0.061930753
0.8073333333333333,0.968,0.061651558
0.8073333333333333,0.9683333333333334,0.06149403
0.8076666666666666,0.9683333333333334,0.061420687
0.8076666666666666,0.9693333333333334,0.059607096
0.8096666666666666,0.9693333333333334,0.059418157
0.8096666666666666,0.9696666666666667,0.059099995
0.8106666666666666,0.9696666666666667,0.05818808
0.8106666666666666,0.9706666666666667,0.05747429
0.811,0.9706666666666667,0.05730621
0.811,0.9713333333333334,0.054778345
0.8116666666666666,0.9713333333333334,0.054735117
0.8116666666666666,0.9716666666666667,0.054665662
0.812,0.9716666666666667,0.054026842
0.812,0.972,0.054026563
0.8126666666666666,0.972,0.053418394
0.8126666666666666,0.9726666666666667,0.05326208
0.813,0.9726666666666667,0.05325679
0.813,0.9733333333333334,0.053150065
0.813,0.9736666666666667,0.053132866
0.8133333333333334,0.9736666666666667,0.053034816
0.8133333333333334,0.974,0.052942775
0.8146666666666667,0.974,0.052364
0.8146666666666667,0.9746666666666667,0.052152116
0.8153333333333334,0.9746666666666667,0.052098826
0.8153333333333334,0.9753333333333334,0.051166955
0.8156666666666667,0.9753333333333334,0.051019322
0.8156666666666667,0.9756666666666667,0.05099451
0.816,0.9756666666666667,0.050942186
0.816,0.977,0.05050566
0.8166666666666667,0.977,0.05022693
0.818,0.977,0.05022689
0.8196666666666667,0.977,0.047890164
0.82,0.9773333333333334,0.047584683
0.82,0.9776666666666667,0.047572013
0.8203333333333334,0.9776666666666667,0.047182743
0.8203333333333334,0.9783333333333334,0.04670527
0.8206666666666667,0.9783333333333334,0.046403334
0.8206666666666667,0.979,0.044548366
0.821,0.979,0.044301763
0.821,0.9796666666666667,0.04346133
0.8213333333333334,0.9796666666666667,0.04197878
0.822,0.9796666666666667,0.04184384
0.8233333333333334,0.9796666666666667,0.041215006
0.8243333333333334,0.9796666666666667,0.039711516
0.8243333333333334,0.98,0.039521985
0.8246666666666667,0.98,0.03940236
0.8253333333333334,0.98,0.039324615
0.8256666666666667,0.98,0.038191307
0.8256666666666667,0.9826666666666667,0.036899135
0.8263333333333334,0.9826666666666667,0.036793955
0.8273333333333334,0.9826666666666667,0.036701
0.8273333333333334,0.983,0.036625408
0.8276666666666667,0.983,0.03609357
0.8283333333333334,0.983,0.03591322
0.8283333333333334,0.9833333333333333,0.03546448
0.829,0.9833333333333333,0.034834813
0.829,0.9836666666666667,0.033922173
0.8293333333333334,0.9836666666666667,0.033260573
0.83,0.9836666666666667,0.03308784
0.83,0.984,0.032934405
0.8306666666666667,0.984,0.032693096
0.832,0.984,0.03212678
0.8326666666666667,0.984,0.0320545
0.834,0.984,0.031042987
0.834,0.9843333333333333,0.030810218
0.8343333333333334,0.9843333333333333,0.030392947
0.8343333333333334,0.9846666666666667,0.030214503
0.8353333333333334,0.9846666666666667,0.03007116
0.8356666666666667,0.9846666666666667,0.029361093
0.8356666666666667,0.985,0.028836101
0.836,0.985,0.028753804
0.836,0.9853333333333333,0.028735656
0.8363333333333334,0.9853333333333333,0.028691946
0.8363333333333334,0.986,0.028677495
0.8376666666666667,0.986,0.028637977
0.8376666666666667,0.9866666666666667,0.028541593
0.8383333333333334,0.9866666666666667,0.028457118
0.8383333333333334,0.988,0.027696472
0.8386666666666667,0.988,0.027594235
0.8393333333333334,0.988,0.027218327
0.8393333333333334,0.9883333333333333,0.026438637
0.8413333333333334,0.9883333333333333,0.02516681
0.8423333333333334,0.9883333333333333,0.025043186
0.8436666666666667,0.9883333333333333,0.024935288
0.8436666666666667,0.9886666666666667,0.024863834
0.8443333333333334,0.9886666666666667,0.02472619
0.8443333333333334,0.989,0.024661275
0.8446666666666667,0.989,0.024507245
0.8446666666666667,0.99,0.024040315
0.845,0.99,0.023830688
0.845,0.9906666666666667,0.023659231
0.846,0.9906666666666667,0.022664439
0.846,0.9913333333333333,0.021145687
0.8473333333333334,0.9913333333333333,0.020854043
0.8483333333333334,0.9913333333333333,0.020243652
0.8483333333333334,0.9916666666666667,0.02007359
0.849,0.9916666666666667,0.020049283
0.851,0.9916666666666667,0.020049267
0.851,0.992,0.02002478
0.8516666666666667,0.992,0.019868018
0.853,0.992,0.01971154
0.853,0.9923333333333333,0.019593365
0.8533333333333334,0.9923333333333333,0.019526903
0.8533333333333334,0.9926666666666667,0.019399574
0.854,0.9926666666666667,0.019044334
0.858,0.9926666666666667,0.018683834
0.8583333333333333,0.9926666666666667,0.018587159
0.8583333333333333,0.9933333333333333,0.018345067
0.859,0.9933333333333333,0.018165795
0.86,0.9933333333333333,0.018012214
0.8606666666666667,0.9933333333333333,0.017919267
0.8613333333333333,0.9933333333333333,0.01791689
0.865,0.9933333333333333,0.017903378
0.8653333333333333,0.9933333333333333,0.017903345
0.8653333333333333,0.9936666666666667,0.01778117
0.8676666666666667,0.9936666666666667,0.016160132
0.8676666666666667,0.994,0.016158883
0.8703333333333333,0.994,0.015160922
0.872,0.994,0.01500941
0.8733333333333333,0.994,0.014789007
0.874,0.994,0.014773362
0.8766666666666667,0.994,0.014773313
0.8766666666666667,0.9943333333333333,0.014719261
0.8776666666666667,0.9943333333333333,0.014367844
0.8776666666666667,0.9946666666666667,0.014343737
0.878,0.9946666666666667,0.014286607
0.879,0.9946666666666667,0.014161184
0.8793333333333333,0.9946666666666667,0.014134854
0.8806666666666667,0.9946666666666667,0.01412906
0.881,0.9946666666666667,0.014129054
0.881,0.9953333333333333,0.013788003
0.8813333333333333,0.9953333333333333,0.013735019
0.8833333333333333,0.9953333333333333,0.013651215
0.8836666666666667,0.9953333333333333,0.01307362
0.8843333333333333,0.9953333333333333,0.0130721005
0.8853333333333333,0.9953333333333333,0.012948903
0.8853333333333333,0.9956666666666667,0.012361176
0.8856666666666667,0.9956666666666667,0.012172974
0.8856666666666667,0.996,0.012094955
0.886,0.996,0.011628856
0.8866666666666667,0.996,0.011050655
0.887,0.996,0.01067716
0.887,0.9963333333333333,0.010649186
0.8883333333333333,0.9963333333333333,0.010304371
0.8883333333333333,0.9966666666666667,0.010288098
0.889,0.9966666666666667,0.009615776
0.89,0.9966666666666667,0.009420804
0.891,0.9966666666666667,0.009310066
0.8926666666666667,0.9966666666666667,0.008871452
0.8926666666666667,0.997,0.008745156
0.8936666666666667,0.997,0.008704567
0.894,0.997,0.008621842
0.894,0.9973333333333333,0.008488493
0.895,0.9973333333333333,0.008469352
0.8953333333333333,0.9973333333333333,0.00841893
0.896,0.9973333333333333,0.00841649
0.8963333333333333,0.9973333333333333,0.008135029
0.8963333333333333,0.9976666666666667,0.008130817
0.8966666666666666,0.9976666666666667,0.007903626
0.898,0.9976666666666667,0.007848125
0.904,0.9976666666666667,0.007744181
0.9043333333333333,0.9976666666666667,0.007595705
0.905,0.9976666666666667,0.007498155
0.9053333333333333,0.9976666666666667,0.007456122
0.9053333333333333,0.998,0.007405194
0.9066666666666666,0.998,0.0072765225
0.907,0.998,0.007200912
0.9083333333333333,0.998,0.0064742183
0.909,0.998,0.0064234324
0.9096666666666666,0.998,0.0062384354
0.9106666666666666,0.998,0.0059864507
0.9113333333333333,0.998,0.0058901506
0.9126666666666666,0.998,0.005890145
0.9133333333333333,0.998,0.005856676
0.9146666666666666,0.998,0.0058562513
0.9153333333333333,0.998,0.005778398
0.916,0.998,0.0055808225
0.9163333333333333,0.998,0.0053989342
0.9176666666666666,0.998,0.0053637186
0.9183333333333333,0.998,0.005255814
0.9183333333333333,0.9983333333333333,0.0052302615
0.919,0.9983333333333333,0.005002586
0.9196666666666666,0.9983333333333333,0.005002162
0.9203333333333333,0.9983333333333333,0.0047053564
0.921,0.9983333333333333,0.0038955575
0.9213333333333333,0.9983333333333333,0.0038567062
0.922,0.9983333333333333,0.0038404474
0.9223333333333333,0.9983333333333333,0.0037793147
0.923,0.9983333333333333,0.0037381044
0.923,0.9986666666666667,0.003659869
0.9243333333333333,0.9986666666666667,0.003458621
0.925,0.9986666666666667,0.0033548828
0.9266666666666666,0.9986666666666667,0.0030717624
0.9326666666666666,0.9986666666666667,0.0030714297
0.9336666666666666,0.9986666666666667,0.0028464186
0.9343333333333333,0.9986666666666667,0.0028460964
0.9356666666666666,0.9986666666666667,0.0026399135
0.937,0.9986666666666667,0.0025533354
0.9373333333333334,0.9986666666666667,0.0025509214
0.9386666666666666,0.9986666666666667,0.0025266889
0.939,0.9986666666666667,0.002508416
0.9396666666666667,0.9986666666666667,0.0024553696
0.9416666666666667,0.9986666666666667,0.0024123588
0.942,0.9986666666666667,0.0024108628
0.9426666666666667,0.9986666666666667,0.0023295933
0.9433333333333334,0.9986666666666667,0.0022681267
0.944,0.9986666666666667,0.0022546495
0.947,0.9986666666666667,0.001830304
0.9476666666666667,0.9986666666666667,0.0016902639
0.9493333333333334,0.9986666666666667,0.0014367263
0.95,0.9986666666666667,0.0013578242
0.9526666666666667,0.9986666666666667,0.0013418423
0.9533333333333334,0.9986666666666667,0.0013178707
0.9546666666666667,0.9986666666666667,0.0012656885
0.9556666666666667,0.9986666666666667,0.0011828177
0.956,0.9986666666666667,0.0011358653
0.9573333333333334,0.9986666666666667,0.0010721311
0.9586666666666667,0.9986666666666667,0.0010401901
0.9596666666666667,0.9986666666666667,0.0010337023
0.96,0.9986666666666667,0.0010337018
0.9606666666666667,0.9986666666666667,0.0009737956
0.9616666666666667,0.9986666666666667,0.000962108
0.962,0.9986666666666667,0.0009377183
0.962,0.999,0.000908865
0.9626666666666667,0.999,0.0008708099
0.963,0.999,0.00086381886
0.9643333333333334,0.999,0.00080383505
0.9643333333333334,0.9993333333333333,0.0007689218
0.9656666666666667,0.9993333333333333,0.0006880921
0.9656666666666667,0.9996666666666667,0.0006866156
0.966,0.9996666666666667,0.00066505204
0.9673333333333334,0.9996666666666667,0.0006301999
0.9683333333333334,0.9996666666666667,0.000582788
0.9696666666666667,0.9996666666666667,0.00052066514
0.9696666666666667,1.0,0.0005145925
0.9706666666666667,1.0,0.00048960507
0.9716666666666667,1.0,0.0004896046
0.9723333333333334,1.0,0.0004680005
0.9743333333333334,1.0,0.00033940226
0.975,1.0,0.00032315572
0.9753333333333334,1.0,0.00031873104
0.978,1.0,0.0002933239
0.9783333333333334,1.0,0.00027854703
0.979,1.0,0.00023710186
0.9803333333333333,1.0,0.00023417735
0.9813333333333333,1.0,0.00021220076
0.982,1.0,0.00020604825
0.9823333333333333,1.0,0.00018852782
0.983,1.0,0.00018281162
0.9836666666666667,1.0,0.00015458035
0.9843333333333333,1.0,0.00015065644
0.9846666666666667,1.0,0.00014911378
0.986,1.0,0.00014654583
0.9863333333333333,1.0,0.00013681894
0.9876666666666667,1.0,9.27501e-05
0.9883333333333333,1.0,7.73385e-05
0.9893333333333333,1.0,5.6751836e-05
0.99,1.0,5.1890373e-05
0.9906666666666667,1.0,4.9499056e-05
0.991,1.0,4.673297e-05
0.9916666666666667,1.0,3.338918e-05
0.993,1.0,3.0078047e-05
0.9936666666666667,1.0,2.849864e-05
0.9946666666666667,1.0,1.756091e-05
0.996,1.0,9.723849e-06
1.0,1.0,9.527412e-06
